url,product_id
https://www.amazon.in/Uncharted-Thiefs-Playstation-Newer-Version/dp/B07GLGSHWN/ref=zg_bs_videogames_28/261-4460124-2798536?_encoding=UTF8&psc=1&refRID=K4VG4XW94BFZK8FYFZF8,B07GLGSHWN
https://www.amazon.in/JBL-Quantum-Over-Ear-Headset-Detachable/dp/B083X24VG9/ref=zg_bs_videogames_9/261-4460124-2798536?_encoding=UTF8&psc=1&refRID=K4VG4XW94BFZK8FYFZF8,B083X24VG9
https://www.amazon.in/PS4-Minecraft-Starter-Collection/dp/B098KP6TZQ/ref=zg_bs_videogames_49/261-4460124-2798536?_encoding=UTF8&psc=1&refRID=K4VG4XW94BFZK8FYFZF8,B098KP6TZQ
https://www.amazon.in/Nitho-Racing-MLT-DP16-K-Compatible-Switch/dp/B08LFLHXGC/ref=zg_bs_videogames_26/261-4460124-2798536?_encoding=UTF8&psc=1&refRID=K4VG4XW94BFZK8FYFZF8,B08LFLHXGC
https://www.amazon.in/Assassins-Creed-Valhalla-Drakkar-PS4/dp/B0894KKNVL/ref=zg_bs_videogames_38/261-4460124-2798536?_encoding=UTF8&psc=1&refRID=K4VG4XW94BFZK8FYFZF8,B0894KKNVL
https://www.amazon.in/Steam-Wallet-Digital-Delivery-within/dp/B0874Y4SPX/ref=zg_bs_videogames_4/261-4460124-2798536?_encoding=UTF8&psc=1&refRID=K4VG4XW94BFZK8FYFZF8,B0874Y4SPX
https://www.amazon.in/God-of-War-Remastered-PS4/dp/B00YORZL4A/ref=zg_bs_videogames_40/261-4460124-2798536?_encoding=UTF8&psc=1&refRID=K4VG4XW94BFZK8FYFZF8,B00YORZL4A
https://www.amazon.in/Cricket-19-International-Edition-PS4/dp/B07QNQN449/ref=zg_bs_videogames_30/261-4460124-2798536?_encoding=UTF8&psc=1&refRID=K4VG4XW94BFZK8FYFZF8,B07QNQN449
https://www.amazon.in/Marvels-Spider-Man-PS4-Game/dp/B07X23YRCS/ref=zg_bs_videogames_24/261-4460124-2798536?_encoding=UTF8&psc=1&refRID=K4VG4XW94BFZK8FYFZF8,B07X23YRCS
https://www.amazon.in/Grand-Theft-Auto-V-PS4/dp/B00L8XUDIC/ref=zg_bs_videogames_37/261-4460124-2798536?_encoding=UTF8&psc=1&refRID=K4VG4XW94BFZK8FYFZF8,B00L8XUDIC
https://www.amazon.in/Uncharted-The-Lost-Legacy-PS4/dp/B01LTI9IEA/ref=zg_bs_videogames_47/261-4460124-2798536?_encoding=UTF8&psc=1&refRID=K4VG4XW94BFZK8FYFZF8,B01LTI9IEA
https://www.amazon.in/Electronic-Arts-PS5-FIFA-22/dp/B098TZ2NMY/ref=zg_bs_videogames_14/261-4460124-2798536?_encoding=UTF8&psc=1&refRID=K4VG4XW94BFZK8FYFZF8,B098TZ2NMY
https://www.amazon.in/PS4-Last-Us-Part-II/dp/B07YQ8JMSH/ref=zg_bs_videogames_16/261-4460124-2798536?_encoding=UTF8&psc=1&refRID=K4VG4XW94BFZK8FYFZF8,B07YQ8JMSH
https://www.amazon.in/AmazonBasics-Extended-Gaming-Mouse-Black/dp/B06X19FLTC/ref=zg_bs_videogames_8/261-4460124-2798536?_encoding=UTF8&psc=1&refRID=K4VG4XW94BFZK8FYFZF8,B06X19FLTC
https://www.amazon.in/Namco-217940-Tekken-7-PS4/dp/B071WC5TKG/ref=zg_bs_videogames_46/261-4460124-2798536?_encoding=UTF8&psc=1&refRID=K4VG4XW94BFZK8FYFZF8,B071WC5TKG
https://www.amazon.in/Redgear-MP44-Control-Type-Gaming-Mousepad/dp/B07J5QX9FX/ref=zg_bs_videogames_29/261-4460124-2798536?_encoding=UTF8&psc=1&refRID=K4VG4XW94BFZK8FYFZF8,B07J5QX9FX
https://www.amazon.in/Minecraft-Java-Gift-Card-Code/dp/B092T16T6D/ref=zg_bs_videogames_48/261-4460124-2798536?_encoding=UTF8&psc=1&refRID=K4VG4XW94BFZK8FYFZF8,B092T16T6D
https://www.amazon.in/Minecraft-Java-Download-Code-Only/dp/B07VMXV8KS/ref=zg_bs_videogames_20/261-4460124-2798536?_encoding=UTF8&psc=1&refRID=K4VG4XW94BFZK8FYFZF8,B07VMXV8KS
https://www.amazon.in/JBL-Quantum-Over-Ear-Headset-Detachable/dp/B083X24CFF/ref=zg_bs_videogames_7/261-4460124-2798536?_encoding=UTF8&psc=1&refRID=K4VG4XW94BFZK8FYFZF8,B083X24CFF
https://www.amazon.in/PlayStation-Plus-Membership-Delivery-Digital/dp/B07K6VR135/ref=zg_bs_videogames_32/261-4460124-2798536?_encoding=UTF8&psc=1&refRID=K4VG4XW94BFZK8FYFZF8,B07K6VR135
https://www.amazon.in/PS4-God-of-War/dp/B07YQ73Y8T/ref=zg_bs_videogames_12/261-4460124-2798536?_encoding=UTF8&psc=1&refRID=K4VG4XW94BFZK8FYFZF8,B07YQ73Y8T
https://www.amazon.in/PS4-Marvels-Spider-Man-Miles-Morales/dp/B08LFBM5JV/ref=zg_bs_videogames_11/261-4460124-2798536?_encoding=UTF8&psc=1&refRID=K4VG4XW94BFZK8FYFZF8,B08LFBM5JV
https://www.amazon.in/PS4-Ghost-of-Tsushima/dp/B085LZSG6F/ref=zg_bs_videogames_25/261-4460124-2798536?_encoding=UTF8&psc=1&refRID=K4VG4XW94BFZK8FYFZF8,B085LZSG6F
https://www.amazon.in/PlayStation-Plus-Membership-Delivery-Digital/dp/B07K6RYVHQ/ref=zg_bs_videogames_22/261-4460124-2798536?_encoding=UTF8&psc=1&refRID=K4VG4XW94BFZK8FYFZF8,B07K6RYVHQ
https://www.amazon.in/PlayStation-Plus-Membership-Delivery-Digital/dp/B07K6VMWHQ/ref=zg_bs_videogames_6/261-4460124-2798536?_encoding=UTF8&psc=1&refRID=K4VG4XW94BFZK8FYFZF8,B07K6VMWHQ
https://www.amazon.in/EKSA-T8-Headphones-Controller-Cancelling/dp/B08VJCYLHP/ref=zg_bs_videogames_23/261-4460124-2798536?_encoding=UTF8&psc=1&refRID=K4VG4XW94BFZK8FYFZF8&smid=ADY7N13CHOIVU,B08VJCYLHP
https://www.amazon.in/Steam-Wallet-Digital-Delivery-within/dp/B0874XJRMR/ref=zg_bs_videogames_2/261-4460124-2798536?_encoding=UTF8&psc=1&refRID=K4VG4XW94BFZK8FYFZF8,B0874XJRMR
https://www.amazon.in/Sony-PlayStation-Plus-Membership-account/dp/B07FN1L7ZK/ref=zg_bs_videogames_35/261-4460124-2798536?_encoding=UTF8&psc=1&refRID=K4VG4XW94BFZK8FYFZF8,B07FN1L7ZK
https://www.amazon.in/Rs-4500-Sony-PlayStation-Network-Delivery/dp/B07K6RK5KR/ref=zg_bs_videogames_13/261-4460124-2798536?_encoding=UTF8&psc=1&refRID=K4VG4XW94BFZK8FYFZF8,B07K6RK5KR
https://www.amazon.in/Electronic-Arts-FIFA-22-PS4/dp/B0999ZP8G6/ref=zg_bs_videogames_1/261-4460124-2798536?_encoding=UTF8&psc=1&refRID=K4VG4XW94BFZK8FYFZF8,B0999ZP8G6
https://www.amazon.in/PlayStation-PS4-WALLET-TOP-2000/dp/B082Y8STLL/ref=zg_bs_videogames_34/261-4460124-2798536?_encoding=UTF8&psc=1&refRID=K4VG4XW94BFZK8FYFZF8,B082Y8STLL
https://www.amazon.in/NiTHO-DRIVE-RACING-compatible-Switch/dp/B08LFLHXG9/ref=zg_bs_videogames_44/261-4460124-2798536?_encoding=UTF8&psc=1&refRID=K4VG4XW94BFZK8FYFZF8,B08LFLHXG9
https://www.amazon.in/AmazonBasics-Gaming-Mouse-Pad-Black/dp/B06X3W3YQD/ref=zg_bs_videogames_15/261-4460124-2798536?_encoding=UTF8&psc=1&refRID=K4VG4XW94BFZK8FYFZF8,B06X3W3YQD
https://www.amazon.in/Rs-3000-Sony-PlayStation-Network-Delivery/dp/B07K6PVR8B/ref=zg_bs_videogames_3/261-4460124-2798536?_encoding=UTF8&psc=1&refRID=K4VG4XW94BFZK8FYFZF8,B07K6PVR8B
https://www.amazon.in/WAR-HAMMER-GX1050-Gaming-Mousepad/dp/B07XTPKPTH/ref=zg_bs_videogames_42/261-4460124-2798536?_encoding=UTF8&psc=1&refRID=K4VG4XW94BFZK8FYFZF8,B07XTPKPTH
https://www.amazon.in/Thumb-Grips-4-Pack-PS4/dp/B08DPDTP5P/ref=zg_bs_videogames_50/261-4460124-2798536?_encoding=UTF8&psc=1&refRID=K4VG4XW94BFZK8FYFZF8,B08DPDTP5P
https://www.amazon.in/Cosmic-Byte-H1-Headphone-Laptops/dp/B07GB9SMS6/ref=zg_bs_videogames_36/261-4460124-2798536?_encoding=UTF8&psc=1&refRID=K4VG4XW94BFZK8FYFZF8,B07GB9SMS6
https://www.amazon.in/Sony-Uncharted-Collection-Hits-PS4/dp/B07M5V17R9/ref=zg_bs_videogames_41/261-4460124-2798536?_encoding=UTF8&psc=1&refRID=K4VG4XW94BFZK8FYFZF8,B07M5V17R9
https://www.amazon.in/Horizon-Zero-Dawn-Complete-PS4/dp/B07D2NY7RW/ref=zg_bs_videogames_43/261-4460124-2798536?_encoding=UTF8&psc=1&refRID=K4VG4XW94BFZK8FYFZF8,B07D2NY7RW
https://www.amazon.in/UBI-Soft-Assassins-Creed-Odyssey/dp/B07DS1FFHK/ref=zg_bs_videogames_39/261-4460124-2798536?_encoding=UTF8&psc=1&refRID=K4VG4XW94BFZK8FYFZF8,B07DS1FFHK
https://www.amazon.in/AmazonBasics-XXL-Gaming-Mouse-Black/dp/B06VVXMJ1S/ref=zg_bs_videogames_21/261-4460124-2798536?_encoding=UTF8&psc=1&refRID=K4VG4XW94BFZK8FYFZF8&smid=AT95IG9ONZD7S,B06VVXMJ1S
https://www.amazon.in/Steam-Wallet-Digital-Delivery-within/dp/B0874YH2BD/ref=zg_bs_videogames_27/261-4460124-2798536?_encoding=UTF8&psc=1&refRID=K4VG4XW94BFZK8FYFZF8,B0874YH2BD
https://www.amazon.in/FIFA-21-Standard-Edition-PS4/dp/B08BJ6LMMN/ref=zg_bs_videogames_19/261-4460124-2798536?_encoding=UTF8&psc=1&refRID=K4VG4XW94BFZK8FYFZF8,B08BJ6LMMN
https://www.amazon.in/AmazonBasics-PlayStation-Controller-Charging-PBH-90023-1/dp/B072PW59VK/ref=zg_bs_videogames_31/261-4460124-2798536?_encoding=UTF8&psc=1&refRID=K4VG4XW94BFZK8FYFZF8,B072PW59VK
https://www.amazon.in/Steam-Wallet-Digital-Delivery-within/dp/B0874Y3VY5/ref=zg_bs_videogames_5/261-4460124-2798536?_encoding=UTF8&psc=1&refRID=K4VG4XW94BFZK8FYFZF8,B0874Y3VY5
https://www.amazon.in/Fortnite-1000-V-Bucks-Gift-Card/dp/B098CBQ3GD/ref=zg_bs_videogames_45/261-4460124-2798536?_encoding=UTF8&psc=1&refRID=K4VG4XW94BFZK8FYFZF8,B098CBQ3GD
https://www.amazon.in/Red-Dead-Redemption-2-PS4/dp/B07BFGGNT9/ref=zg_bs_videogames_17/261-4460124-2798536?_encoding=UTF8&psc=1&refRID=K4VG4XW94BFZK8FYFZF8,B07BFGGNT9
https://www.amazon.in/Redgear-MP44-Speed-Type-Gaming-Mousepad/dp/B07J68QGR6/ref=zg_bs_videogames_10/261-4460124-2798536?_encoding=UTF8&psc=1&refRID=K4VG4XW94BFZK8FYFZF8,B07J68QGR6
https://www.amazon.in/Airdopes-121v2-Bluetooth-Immersive-Assistant/dp/B08JQN8DGZ/ref=zg_bs_electronics_8?_encoding=UTF8&psc=1&refRID=01BRWPEF77PW5H9TBZPV,B08JQN8DGZ
https://www.amazon.in/JBL-C100SI-Ear-Headphones-Black/dp/B01DEWVZ2C/ref=zg_bs_electronics_16?_encoding=UTF8&psc=1&refRID=01BRWPEF77PW5H9TBZPV&smid=A14CZOWI0VEHLG,B01DEWVZ2C
https://www.amazon.in/Boat-BassHeads-900-Wired-Headphone/dp/B074ZF7PVZ/ref=zg_bs_electronics_42?_encoding=UTF8&psc=1&refRID=01BRWPEF77PW5H9TBZPV,B074ZF7PVZ
https://www.amazon.in/Test-Exclusive_2020_1113-Multi-3GB-Storage/dp/B089MS8XQ3/ref=zg_bs_electronics_36?_encoding=UTF8&psc=1&refRID=01BRWPEF77PW5H9TBZPV,B089MS8XQ3
https://www.amazon.in/boAt-A325-Tangle-Free-Charging-Transmission/dp/B08WRBG3XW/ref=zg_bs_electronics_38?_encoding=UTF8&psc=1&refRID=01BRWPEF77PW5H9TBZPV,B08WRBG3XW
https://www.amazon.in/20000mAh-Sandstone-Triple-Charging-Delivery/dp/B08HV83HL3/ref=zg_bs_electronics_12?_encoding=UTF8&psc=1&refRID=01BRWPEF77PW5H9TBZPV,B08HV83HL3
https://www.amazon.in/GM-Modular-3060-Book-Multicolour/dp/B008XT42JU/ref=zg_bs_electronics_49?_encoding=UTF8&psc=1&refRID=01BRWPEF77PW5H9TBZPV,B008XT42JU
https://www.amazon.in/Redmi-Storage-Super-Amoled-Display/dp/B0948NNY3W/ref=zg_bs_electronics_34?_encoding=UTF8&psc=1&refRID=01BRWPEF77PW5H9TBZPV,B0948NNY3W
https://www.amazon.in/MI-MTCY001IN-USB-Type-C-Cable/dp/B08DDRGWTJ/ref=zg_bs_electronics_22?_encoding=UTF8&psc=1&refRID=01BRWPEF77PW5H9TBZPV,B08DDRGWTJ
https://www.amazon.in/OnePlus-Bullets-Wireless-Bass-Reverb/dp/B08HLTFB33/ref=zg_bs_electronics_7?_encoding=UTF8&psc=1&refRID=01BRWPEF77PW5H9TBZPV,B08HLTFB33
https://www.amazon.in/Redmi-Carbon-Black-64GB-Storage/dp/B086985T6R/ref=zg_bs_electronics_27?_encoding=UTF8&psc=1&refRID=01BRWPEF77PW5H9TBZPV,B086985T6R
https://www.amazon.in/boAt-Rockerz-245v2-Bluetooth-Resistance/dp/B097DW69H1/ref=zg_bs_electronics_32?_encoding=UTF8&psc=1&refRID=01BRWPEF77PW5H9TBZPV,B097DW69H1
https://www.amazon.in/SanDisk-Cruzer-Blade-Flash-Drive/dp/B005FYNT3G/ref=zg_bs_electronics_25?_encoding=UTF8&psc=1&refRID=01BRWPEF77PW5H9TBZPV,B005FYNT3G
https://www.amazon.in/MJSXJ02CM-1080P-Security-Camera-White/dp/B07HJD1KH4/ref=zg_bs_electronics_50?_encoding=UTF8&psc=1&refRID=01BRWPEF77PW5H9TBZPV,B07HJD1KH4
https://www.amazon.in/Redmi-9A-Midnight-2GB-32GB/dp/B08697N43G/ref=zg_bs_electronics_24?_encoding=UTF8&psc=1&refRID=01BRWPEF77PW5H9TBZPV,B08697N43G
https://www.amazon.in/Samsung-Plus-microSDXC-Adapter-MB-MC64HA/dp/B08D1J84FY/ref=zg_bs_electronics_31?_encoding=UTF8&psc=1&refRID=01BRWPEF77PW5H9TBZPV,B08D1J84FY
https://www.amazon.in/OnePlus-Nord-Blue-128GB-Storage/dp/B097RD2JX8/ref=zg_bs_electronics_3?_encoding=UTF8&psc=1&refRID=01BRWPEF77PW5H9TBZPV,B097RD2JX8
https://www.amazon.in/Apple-USB-C-Adapter-iPhone-AirPods/dp/B08L5WWFCY/ref=zg_bs_electronics_15?_encoding=UTF8&psc=1&refRID=01BRWPEF77PW5H9TBZPV,B08L5WWFCY
https://www.amazon.in/OnePlus-Nord-Charcoal-128GB-Storage/dp/B09576CYNP/ref=zg_bs_electronics_26?_encoding=UTF8&psc=1&refRID=01BRWPEF77PW5H9TBZPV,B09576CYNP
https://www.amazon.in/Test-Exclusive_2020_1159-Multi-3GB-Storage/dp/B089MVC43X/ref=zg_bs_electronics_6?_encoding=UTF8&psc=1&refRID=01BRWPEF77PW5H9TBZPV,B089MVC43X
https://www.amazon.in/Redmi-9A-2GB-32GB-Storage/dp/B086978F2L/ref=zg_bs_electronics_9?_encoding=UTF8&psc=1&refRID=01BRWPEF77PW5H9TBZPV,B086978F2L
https://www.amazon.in/Boult-Audio-Wireless-Earphones-Bluetooth/dp/B08D12DNTQ/ref=zg_bs_electronics_40?_encoding=UTF8&psc=1&refRID=01BRWPEF77PW5H9TBZPV,B08D12DNTQ
https://www.amazon.in/OFIXO-Multi-Purpose-Foldable-Portable-Writing/dp/B08HQL67D6/ref=zg_bs_electronics_18?_encoding=UTF8&psc=1&refRID=01BRWPEF77PW5H9TBZPV,B08HQL67D6
https://www.amazon.in/Tangent-Lite-Magnetic-Bluetooth-Headphones/dp/B085W8CFLH/ref=zg_bs_electronics_37?_encoding=UTF8&psc=1&refRID=01BRWPEF77PW5H9TBZPV,B085W8CFLH
https://www.amazon.in/Samsung-Galaxy-Ocean-128GB-Storage/dp/B07HG8S7KP/ref=zg_bs_electronics_20?_encoding=UTF8&psc=1&refRID=01BRWPEF77PW5H9TBZPV,B07HG8S7KP
https://www.amazon.in/Realme-Buds-Android-Smartphones-Black/dp/B07XMFDHSG/ref=zg_bs_electronics_46?_encoding=UTF8&psc=1&refRID=01BRWPEF77PW5H9TBZPV,B07XMFDHSG
https://www.amazon.in/OnePlus-Buds-Z-White/dp/B07XY541GH/ref=zg_bs_electronics_21?_encoding=UTF8&psc=1&refRID=01BRWPEF77PW5H9TBZPV,B07XY541GH
https://www.amazon.in/OnePlus-Buds-Z-Gray/dp/B08HLVKCKC/ref=zg_bs_electronics_47?_encoding=UTF8&psc=1&refRID=01BRWPEF77PW5H9TBZPV,B08HLVKCKC
https://www.amazon.in/OnePlus-Bullets-Wireless-Bass-Black/dp/B092ZJVB6Z/ref=zg_bs_electronics_2?_encoding=UTF8&psc=1&refRID=01BRWPEF77PW5H9TBZPV,B092ZJVB6Z
https://www.amazon.in/Dell-MS116-1000DPI-Wired-Optical/dp/B01HJI0FS2/ref=zg_bs_electronics_23?_encoding=UTF8&psc=1&refRID=01BRWPEF77PW5H9TBZPV,B01HJI0FS2
https://www.amazon.in/Test-Exclusive_2020_1140-Multi-3GB-Storage/dp/B089MT36T8/ref=zg_bs_electronics_17?_encoding=UTF8&psc=1&refRID=01BRWPEF77PW5H9TBZPV,B089MT36T8
https://www.amazon.in/255-Bluetooth-Wireless-Earphone-Immersive/dp/B07C2VJXP4/ref=zg_bs_electronics_19?_encoding=UTF8&psc=1&refRID=01BRWPEF77PW5H9TBZPV,B07C2VJXP4
https://www.amazon.in/Rockerz-Bluetooth-Immersive-Resistance-Assistant/dp/B07TXVLB1G/ref=zg_bs_electronics_4?_encoding=UTF8&psc=1&refRID=01BRWPEF77PW5H9TBZPV,B07TXVLB1G
https://www.amazon.in/Airdopes-121v2-Bluetooth-Immersive-Assistant/dp/B08JQLB5CG/ref=zg_bs_electronics_41?_encoding=UTF8&psc=1&refRID=01BRWPEF77PW5H9TBZPV,B08JQLB5CG
https://www.amazon.in/Redmi-9A-2GB-32GB-Storage/dp/B08696XB4B/ref=zg_bs_electronics_5?_encoding=UTF8&psc=1&refRID=01BRWPEF77PW5H9TBZPV,B08696XB4B
https://www.amazon.in/HP-Original-Advantage-Cartridge-Black/dp/B014AKZMNK/ref=zg_bs_electronics_35?_encoding=UTF8&psc=1&refRID=01BRWPEF77PW5H9TBZPV,B014AKZMNK
https://www.amazon.in/OnePlus-Nord-Sierra-128GB-Storage/dp/B097RDVDL2/ref=zg_bs_electronics_44?_encoding=UTF8&psc=1&refRID=01BRWPEF77PW5H9TBZPV,B097RDVDL2
https://www.amazon.in/boAt-BassHeads-100-Headphones-Black/dp/B071Z8M4KX/ref=zg_bs_electronics_1?_encoding=UTF8&psc=1&refRID=01BRWPEF77PW5H9TBZPV,B071Z8M4KX
https://www.amazon.in/boAt-Rockerz-255-Pro-Earphones/dp/B08TV2P1N8/ref=zg_bs_electronics_14?_encoding=UTF8&psc=1&refRID=01BRWPEF77PW5H9TBZPV,B08TV2P1N8
https://www.amazon.in/Redmi-Note-Frost-White-128GB/dp/B0948M5DZW/ref=zg_bs_electronics_33?_encoding=UTF8&psc=1&refRID=01BRWPEF77PW5H9TBZPV,B0948M5DZW
https://www.amazon.in/boAt-Smartwatch-Multiple-Monitoring-Resistance/dp/B096VF5YYF/ref=zg_bs_electronics_45?_encoding=UTF8&psc=1&refRID=01BRWPEF77PW5H9TBZPV,B096VF5YYF
https://www.amazon.in/boAt-Rockerz-255-Pro-Earphones/dp/B08TSSCZR8/ref=zg_bs_electronics_29?_encoding=UTF8&psc=1&refRID=01BRWPEF77PW5H9TBZPV,B08TSSCZR8
https://www.amazon.in/Boat-Bassheads-242-Earphones-Resistance/dp/B07S9S86BF/ref=zg_bs_electronics_13?_encoding=UTF8&psc=1&refRID=01BRWPEF77PW5H9TBZPV,B07S9S86BF
https://www.amazon.in/Nokia-105-2019-Single-Black/dp/B07YYNX5X6/ref=zg_bs_electronics_28?_encoding=UTF8&psc=1&refRID=01BRWPEF77PW5H9TBZPV,B07YYNX5X6
https://www.amazon.in/Test-Exclusive_2020_1157-Multi-3GB-Storage/dp/B089MV3Q2G/ref=zg_bs_electronics_10?_encoding=UTF8&psc=1&refRID=01BRWPEF77PW5H9TBZPV,B089MV3Q2G
https://www.amazon.in/Adjustable-Holder-Universal-Windshield-Smartphones/dp/B0746JGVDS/ref=zg_bs_electronics_43?_encoding=UTF8&psc=1&refRID=01BRWPEF77PW5H9TBZPV,B0746JGVDS
https://www.amazon.in/Redmi-Sky-Blue-64GB-Storage/dp/B08697N43N/ref=zg_bs_electronics_11?_encoding=UTF8&psc=1&refRID=01BRWPEF77PW5H9TBZPV,B08697N43N
https://www.amazon.in/Generic-Portable-Flexible-Light-Colors/dp/B01M8KRCDN/ref=zg_bs_electronics_30?_encoding=UTF8&psc=1&refRID=01BRWPEF77PW5H9TBZPV,B01M8KRCDN
https://www.amazon.in/Test-Exclusive_2020_1160-Multi-3GB-Storage/dp/B089MTP294/ref=zg_bs_electronics_48?_encoding=UTF8&psc=1&refRID=01BRWPEF77PW5H9TBZPV,B089MTP294
https://www.amazon.in/Test-Exclusive_2020_1151-Multi-3GB-Storage/dp/B089MT35TK/ref=zg_bs_electronics_39?_encoding=UTF8&psc=1&refRID=01BRWPEF77PW5H9TBZPV,B089MT35TK
https://www.amazon.in/Bfit-Gen-Color-Touchscreen-Temperature/dp/B08P5R5DZ4/ref=zg_bs_2563504031_19?_encoding=UTF8&psc=1&refRID=4PR8YHZC2A2NTN9S5S7V,B08P5R5DZ4
https://www.amazon.in/Acnos-Brown-Black-Analog-Watches/dp/B07TY75QP6/ref=zg_bs_2563504031_14?_encoding=UTF8&psc=1&refRID=4PR8YHZC2A2NTN9S5S7V,B07TY75QP6
https://www.amazon.in/Metallic-Square-Multi-Functional-Automatic-Digital/dp/B099J2ZLZF/ref=zg_bs_2563504031_21?_encoding=UTF8&psc=1&refRID=4PR8YHZC2A2NTN9S5S7V,B099J2ZLZF
https://www.amazon.in/Timewear-Military-Analogue-Digital-Sports/dp/B07PJXJKJS/ref=zg_bs_2563504031_1?_encoding=UTF8&psc=1&refRID=4PR8YHZC2A2NTN9S5S7V,B07PJXJKJS
https://www.amazon.in/Vills-Laurrens-Black-Wrist-VL-1114/dp/B08B3FT6X4/ref=zg_bs_2563504031_50?_encoding=UTF8&psc=1&refRID=4PR8YHZC2A2NTN9S5S7V,B08B3FT6X4
https://www.amazon.in/Watch-Company-Digital-Unisex-Birthday/dp/B0972HYQS3/ref=zg_bs_2563504031_17?_encoding=UTF8&psc=1&refRID=4PR8YHZC2A2NTN9S5S7V,B0972HYQS3
https://www.amazon.in/Fastrack-Casual-Analog-White-Watch-NJ3114PP01C/dp/B00NLASVBQ/ref=zg_bs_2563504031_45?_encoding=UTF8&psc=1&refRID=4PR8YHZC2A2NTN9S5S7V,B00NLASVBQ
https://www.amazon.in/SELLORIA-Shock-Digital-Watch-Years/dp/B08X6LNL9Z/ref=zg_bs_2563504031_48?_encoding=UTF8&psc=1&refRID=4PR8YHZC2A2NTN9S5S7V,B08X6LNL9Z
https://www.amazon.in/Sonata-Super-Fibre-Analog-Watch-NH7930PP01C/dp/B00ECWG1NC/ref=zg_bs_2563504031_11?_encoding=UTF8&psc=1&refRID=4PR8YHZC2A2NTN9S5S7V,B00ECWG1NC
https://www.amazon.in/Black-Digital-led-Watch-Girls/dp/B098TGS6ZF/ref=zg_bs_2563504031_26?_encoding=UTF8&psc=1&refRID=4PR8YHZC2A2NTN9S5S7V,B098TGS6ZF
https://www.amazon.in/Green-Multicolor-Sports-Digital-Watch/dp/B07HVLQKD1/ref=zg_bs_2563504031_44?_encoding=UTF8&psc=1&refRID=4PR8YHZC2A2NTN9S5S7V,B07HVLQKD1
https://www.amazon.in/Digital-Shockproof-Multi-Functional-Automatic-Waterproof/dp/B09BFZLX2T/ref=zg_bs_2563504031_37?_encoding=UTF8&psc=1&refRID=4PR8YHZC2A2NTN9S5S7V,B09BFZLX2T
https://www.amazon.in/Lorenz-Analogue-Wayfarer-Sunglasses-CM-103SN/dp/B07BZ1DMFY/ref=zg_bs_2563504031_18?_encoding=UTF8&psc=1&refRID=4PR8YHZC2A2NTN9S5S7V,B07BZ1DMFY
https://www.amazon.in/PIRASO-Analog-Stunning-Stainless-Display/dp/B08PSFHS5Y/ref=zg_bs_2563504031_4?_encoding=UTF8&psc=1&refRID=4PR8YHZC2A2NTN9S5S7V,B08PSFHS5Y
https://www.amazon.in/Espoir-Analog-Brown-Dial-Watch-LS5098-2/dp/B07G9FZBN8/ref=zg_bs_2563504031_46?_encoding=UTF8&psc=1&refRID=4PR8YHZC2A2NTN9S5S7V,B07G9FZBN8
https://www.amazon.in/Vills-Laurrens-VL-1114-Stunning-Black/dp/B07GL4RYMC/ref=zg_bs_2563504031_12?_encoding=UTF8&psc=1&refRID=4PR8YHZC2A2NTN9S5S7V,B07GL4RYMC
https://www.amazon.in/SWADESI-STUFF-Silicon-Stylish-Designer/dp/B0989HT44R/ref=zg_bs_2563504031_25?_encoding=UTF8&psc=1&refRID=4PR8YHZC2A2NTN9S5S7V,B0989HT44R
https://www.amazon.in/LORENZ-Brown-Watch-Wallet-Combo/dp/B07BZFBTH5/ref=zg_bs_2563504031_29?_encoding=UTF8&psc=1&refRID=4PR8YHZC2A2NTN9S5S7V,B07BZFBTH5
https://www.amazon.in/Acnos-Stylist-Analog-Watch-Combo/dp/B07TY76N4F/ref=zg_bs_2563504031_43?_encoding=UTF8&psc=1&refRID=4PR8YHZC2A2NTN9S5S7V,B07TY76N4F
https://www.amazon.in/Decode-Analogue-Black-Dial-Watch/dp/B078X1ZVNZ/ref=zg_bs_2563504031_24?_encoding=UTF8&psc=1&refRID=4PR8YHZC2A2NTN9S5S7V,B078X1ZVNZ
https://www.amazon.in/CURREN-Analogue-Black-Watch-Cur007/dp/B078J49Y1F/ref=zg_bs_2563504031_36?_encoding=UTF8&psc=1&refRID=4PR8YHZC2A2NTN9S5S7V,B078J49Y1F
https://www.amazon.in/Sonata-Digital-Grey-Dial-Watch-NK7982PP04/dp/B00B81QJBO/ref=zg_bs_2563504031_22?_encoding=UTF8&psc=1&refRID=4PR8YHZC2A2NTN9S5S7V,B00B81QJBO
https://www.amazon.in/WRIGHTRACK-Generation-Digital-Square-Calendar/dp/B09G77DLBY/ref=zg_bs_2563504031_8?_encoding=UTF8&psc=1&refRID=4PR8YHZC2A2NTN9S5S7V,B09G77DLBY
https://www.amazon.in/Casio-Vintage-Digital-Black-Watch/dp/B00HFPIIOI/ref=zg_bs_2563504031_30?_encoding=UTF8&psc=1&refRID=4PR8YHZC2A2NTN9S5S7V,B00HFPIIOI
https://www.amazon.in/Swadesi-Stuff-Multi-Color-Digital/dp/B0993NCXMX/ref=zg_bs_2563504031_6?_encoding=UTF8&psc=1&refRID=4PR8YHZC2A2NTN9S5S7V,B0993NCXMX
https://www.amazon.in/TIMEWEAR-Functioning-White-Chain-Watch/dp/B07MDGSP8F/ref=zg_bs_2563504031_3?_encoding=UTF8&psc=1&refRID=4PR8YHZC2A2NTN9S5S7V,B07MDGSP8F
https://www.amazon.in/Shocknshop-Digital-Sports-Functional-315RED/dp/B08X1HCVWF/ref=zg_bs_2563504031_10?_encoding=UTF8&psc=1&refRID=4PR8YHZC2A2NTN9S5S7V,B08X1HCVWF
https://www.amazon.in/Swadesi-Amazing-Spider-Stylish-Analog/dp/B07PRVFXGQ/ref=zg_bs_2563504031_28?_encoding=UTF8&psc=1&refRID=4PR8YHZC2A2NTN9S5S7V,B07PRVFXGQ
https://www.amazon.in/Mens-Watch-Black-Colored-Strap/dp/B08FBFNFQZ/ref=zg_bs_2563504031_41?_encoding=UTF8&psc=1&refRID=4PR8YHZC2A2NTN9S5S7V,B08FBFNFQZ
https://www.amazon.in/SWADESI-STUFF-Digital-Multicolored-Colored/dp/B083L7W4SJ/ref=zg_bs_2563504031_15?_encoding=UTF8&psc=1&refRID=4PR8YHZC2A2NTN9S5S7V,B083L7W4SJ
https://www.amazon.in/Lorenz-Wallet-Wayfarer-Sunglasses-CM-1062SN-WL-BLK/dp/B07H7VD5XD/ref=zg_bs_2563504031_31?_encoding=UTF8&psc=1&refRID=4PR8YHZC2A2NTN9S5S7V,B07H7VD5XD
https://www.amazon.in/Fastrack-Analog-Silver-Dial-Watch-3229SM03/dp/B081RMS4KM/ref=zg_bs_2563504031_32?_encoding=UTF8&psc=1&refRID=4PR8YHZC2A2NTN9S5S7V,B081RMS4KM
https://www.amazon.in/SELLORIA-Digital-Silicone-Bracelet-Watches/dp/B0844GJT7Q/ref=zg_bs_2563504031_16?_encoding=UTF8&psc=1&refRID=4PR8YHZC2A2NTN9S5S7V,B0844GJT7Q
https://www.amazon.in/Redux-Analogue-Blue-Watch-RWS0216S/dp/B07KVZD6XM/ref=zg_bs_2563504031_7?_encoding=UTF8&psc=1&refRID=4PR8YHZC2A2NTN9S5S7V,B07KVZD6XM
https://www.amazon.in/WRIGHTRACK-Exclusive-Movement-Analogue-WT516/dp/B07MFJN3D7/ref=zg_bs_2563504031_47?_encoding=UTF8&psc=1&refRID=4PR8YHZC2A2NTN9S5S7V,B07MFJN3D7
https://www.amazon.in/Swisstone-BRW385-BRWN-Brown-Leather-Strap/dp/B07H3489LV/ref=zg_bs_2563504031_42?_encoding=UTF8&psc=1&refRID=4PR8YHZC2A2NTN9S5S7V&smid=A2BURQ2IK0ITXD,B07H3489LV
https://www.amazon.in/Fastrack-Analog-Black-Unisex-Adult-Watch-38024PP25/dp/B099WNYHY2/ref=zg_bs_2563504031_13?_encoding=UTF8&psc=1&refRID=4PR8YHZC2A2NTN9S5S7V,B099WNYHY2
https://www.amazon.in/Acnos-Digital-Army-Leather-Watch/dp/B07ST44K87/ref=zg_bs_2563504031_34?_encoding=UTF8&psc=1&refRID=4PR8YHZC2A2NTN9S5S7V,B07ST44K87
https://www.amazon.in/Acnos-Brand-Shockproof-Multi-Functional-Waterproof/dp/B08YRTVTSK/ref=zg_bs_2563504031_40?_encoding=UTF8&psc=1&refRID=4PR8YHZC2A2NTN9S5S7V,B08YRTVTSK
https://www.amazon.in/Timewear-Analog-White-Dial-Watch/dp/B075GV66YV/ref=zg_bs_2563504031_5?_encoding=UTF8&psc=1&refRID=4PR8YHZC2A2NTN9S5S7V,B075GV66YV
https://www.amazon.in/Acnos-Casual-Analogue-Standard-Colored/dp/B08W2T1KVW/ref=zg_bs_2563504031_33?_encoding=UTF8&psc=1&refRID=4PR8YHZC2A2NTN9S5S7V,B08W2T1KVW
https://www.amazon.in/V2A-Military-Digital-Multi-Function-Chronograph/dp/B07TVTVC8Z/ref=zg_bs_2563504031_39?_encoding=UTF8&psc=1&refRID=4PR8YHZC2A2NTN9S5S7V,B07TVTVC8Z
https://www.amazon.in/IIK-Collection-Stainless-Analoge-IIK-2052W-DND/dp/B07YC685FW/ref=zg_bs_2563504031_49?_encoding=UTF8&psc=1&refRID=4PR8YHZC2A2NTN9S5S7V,B07YC685FW
https://www.amazon.in/Mens-Watch-Black-Colored-Strap/dp/B08DFYSGDL/ref=zg_bs_2563504031_38?_encoding=UTF8&psc=1&refRID=4PR8YHZC2A2NTN9S5S7V,B08DFYSGDL
https://www.amazon.in/Maxima-Smartwatch-Monitoring-Customized-Assistance/dp/B091TTTF8W/ref=zg_bs_2563504031_27?_encoding=UTF8&psc=1&refRID=4PR8YHZC2A2NTN9S5S7V,B091TTTF8W
https://www.amazon.in/Helix-Metalfit-smartwatch-feature-Activity/dp/B09CPLJKK7/ref=zg_bs_2563504031_2?_encoding=UTF8&psc=1&refRID=4PR8YHZC2A2NTN9S5S7V,B09CPLJKK7
https://www.amazon.in/Sylvi-Business-Military-SY-3022-Analog-Digital/dp/B09FK823L6/ref=zg_bs_2563504031_9?_encoding=UTF8&psc=1&refRID=4PR8YHZC2A2NTN9S5S7V,B09FK823L6
https://www.amazon.in/RUSTET-Analogue-Digital-Multi-Function-Chronograph-Sports/dp/B0863NSCTX/ref=zg_bs_2563504031_23?_encoding=UTF8&psc=1&refRID=4PR8YHZC2A2NTN9S5S7V,B0863NSCTX
https://www.amazon.in/Timex-Analog-Blue-Dial-Watch-TW00ZR262E/dp/B07H3K85H5/ref=zg_bs_2563504031_20?_encoding=UTF8&psc=1&refRID=4PR8YHZC2A2NTN9S5S7V,B07H3K85H5
https://www.amazon.in/Swisstyle-Anolog-Black-Dial-Watch-SS-GR06612-BLK-CH/dp/B078HLGKJW/ref=zg_bs_2563504031_35?_encoding=UTF8&psc=1&refRID=4PR8YHZC2A2NTN9S5S7V,B078HLGKJW
