url,product_id,title,price,scraped,rating,timestamp
https://www.amazon.in/Uncharted-Thiefs-Playstation-Newer-Version/dp/B07GLGSHWN/ref=zg_bs_videogames_28/261-4460124-2798536?_encoding=UTF8&psc=1&refRID=K4VG4XW94BFZK8FYFZF8,B07GLGSHWN,Uncharted 4 TE Hit (PS4),₹984.00,1,"2,150 ratings",2021-09-25 19:02:51.229128
https://www.amazon.in/JBL-Quantum-Over-Ear-Headset-Detachable/dp/B083X24VG9/ref=zg_bs_videogames_9/261-4460124-2798536?_encoding=UTF8&psc=1&refRID=K4VG4XW94BFZK8FYFZF8,B083X24VG9,"JBL Quantum 100 by Harman Wired Over-Ear Gaming Headset with Detachable Mic for PC, Mobile, Laptop, PS4, Xbox, Nintendo Switch, VR (Blue)","₹2,599.00",1,"1,424 ratings",2021-09-25 19:03:05.054446
https://www.amazon.in/PS4-Minecraft-Starter-Collection/dp/B098KP6TZQ/ref=zg_bs_videogames_49/261-4460124-2798536?_encoding=UTF8&psc=1&refRID=K4VG4XW94BFZK8FYFZF8,B098KP6TZQ,PS4 Minecraft Starter Collection (PS4),,1,1 rating,2021-09-25 19:03:19.659052
https://www.amazon.in/Nitho-Racing-MLT-DP16-K-Compatible-Switch/dp/B08LFLHXGC/ref=zg_bs_videogames_26/261-4460124-2798536?_encoding=UTF8&psc=1&refRID=K4VG4XW94BFZK8FYFZF8,B08LFLHXGC,"Nitho Drive Pro V16 Racing Wheel & Pedal Set MLT-DP16-K, Compatible with PC/PS3/PS4/Xbox1/Switch","₹7,099.00",1,199 ratings,2021-09-25 19:03:26.747579
https://www.amazon.in/Assassins-Creed-Valhalla-Drakkar-PS4/dp/B0894KKNVL/ref=zg_bs_videogames_38/261-4460124-2798536?_encoding=UTF8&psc=1&refRID=K4VG4XW94BFZK8FYFZF8,B0894KKNVL,Assassin's Creed Valhalla Drakkar Edition (Free PS5 Upgrade),"₹2,799.00",1,331 ratings,2021-09-25 19:03:32.758208
https://www.amazon.in/Steam-Wallet-Digital-Delivery-within/dp/B0874Y4SPX/ref=zg_bs_videogames_4/261-4460124-2798536?_encoding=UTF8&psc=1&refRID=K4VG4XW94BFZK8FYFZF8,B0874Y4SPX,INR 250 Steam Wallet Code (Digital Code- Email Delivery within 2 hours),₹250.00,1,755 ratings,2021-09-25 19:03:38.258147
https://www.amazon.in/God-of-War-Remastered-PS4/dp/B00YORZL4A/ref=zg_bs_videogames_40/261-4460124-2798536?_encoding=UTF8&psc=1&refRID=K4VG4XW94BFZK8FYFZF8,B00YORZL4A,God of War Remastered (PS4),,1,713 ratings,2021-09-25 19:03:45.521700
https://www.amazon.in/Cricket-19-International-Edition-PS4/dp/B07QNQN449/ref=zg_bs_videogames_30/261-4460124-2798536?_encoding=UTF8&psc=1&refRID=K4VG4XW94BFZK8FYFZF8,B07QNQN449,Cricket 19 International Edition (PS4),"₹2,116.00",1,708 ratings,2021-09-25 19:03:50.915913
https://www.amazon.in/Marvels-Spider-Man-PS4-Game/dp/B07X23YRCS/ref=zg_bs_videogames_24/261-4460124-2798536?_encoding=UTF8&psc=1&refRID=K4VG4XW94BFZK8FYFZF8,B07X23YRCS,Marvel's Spider Man (PS4) - Game of the Year Edition (PS4),"₹1,509.00",1,"1,877 ratings",2021-09-25 19:03:56.052319
https://www.amazon.in/Grand-Theft-Auto-V-PS4/dp/B00L8XUDIC/ref=zg_bs_videogames_37/261-4460124-2798536?_encoding=UTF8&psc=1&refRID=K4VG4XW94BFZK8FYFZF8,B00L8XUDIC,Grand Theft Auto V – Premium,"₹1,469.00",1,"2,783 ratings",2021-09-25 19:04:03.886423
https://www.amazon.in/Uncharted-The-Lost-Legacy-PS4/dp/B01LTI9IEA/ref=zg_bs_videogames_47/261-4460124-2798536?_encoding=UTF8&psc=1&refRID=K4VG4XW94BFZK8FYFZF8,B01LTI9IEA,Uncharted: The Lost Legacy (PS4),₹929.00,1,"2,736 ratings",2021-09-25 19:04:09.160564
https://www.amazon.in/Electronic-Arts-PS5-FIFA-22/dp/B098TZ2NMY/ref=zg_bs_videogames_14/261-4460124-2798536?_encoding=UTF8&psc=1&refRID=K4VG4XW94BFZK8FYFZF8,B098TZ2NMY,PS5 FIFA 22,"₹4,499.00",1,,2021-09-25 19:04:14.352673
https://www.amazon.in/PS4-Last-Us-Part-II/dp/B07YQ8JMSH/ref=zg_bs_videogames_16/261-4460124-2798536?_encoding=UTF8&psc=1&refRID=K4VG4XW94BFZK8FYFZF8,B07YQ8JMSH,PS4 The Last of Us Part II (PS4),"₹1,839.00",1,"3,143 ratings",2021-09-25 19:04:19.340173
https://www.amazon.in/AmazonBasics-Extended-Gaming-Mouse-Black/dp/B06X19FLTC/ref=zg_bs_videogames_8/261-4460124-2798536?_encoding=UTF8&psc=1&refRID=K4VG4XW94BFZK8FYFZF8,B06X19FLTC,"AmazonBasics Extended Gaming Mouse Pad,Black",₹899.00,1,"32,452 ratings",2021-09-25 19:04:34.836224
https://www.amazon.in/Namco-217940-Tekken-7-PS4/dp/B071WC5TKG/ref=zg_bs_videogames_46/261-4460124-2798536?_encoding=UTF8&psc=1&refRID=K4VG4XW94BFZK8FYFZF8,B071WC5TKG,Tekken 7 (PS4),"₹1,199.00",1,809 ratings,2021-09-25 19:04:43.357359
https://www.amazon.in/Redgear-MP44-Control-Type-Gaming-Mousepad/dp/B07J5QX9FX/ref=zg_bs_videogames_29/261-4460124-2798536?_encoding=UTF8&psc=1&refRID=K4VG4XW94BFZK8FYFZF8,B07J5QX9FX,Redgear MP44 Control-Type Gaming Mousepad (Black and Red),₹399.00,1,"18,958 ratings",2021-09-25 19:04:49.163315
https://www.amazon.in/Minecraft-Java-Gift-Card-Code/dp/B092T16T6D/ref=zg_bs_videogames_48/261-4460124-2798536?_encoding=UTF8&psc=1&refRID=K4VG4XW94BFZK8FYFZF8,B092T16T6D,Minecraft Java Edition Gift Card Code Only (NO CD/DVD),"₹2,299.00",1,279 ratings,2021-09-25 19:04:53.660838
https://www.amazon.in/Minecraft-Java-Download-Code-Only/dp/B07VMXV8KS/ref=zg_bs_videogames_20/261-4460124-2798536?_encoding=UTF8&psc=1&refRID=K4VG4XW94BFZK8FYFZF8,B07VMXV8KS,Minecraft Java Edition PC Download Code Only (No CD/DVD),"₹2,275.00",1,790 ratings,2021-09-25 19:04:57.954981
https://www.amazon.in/JBL-Quantum-Over-Ear-Headset-Detachable/dp/B083X24CFF/ref=zg_bs_videogames_7/261-4460124-2798536?_encoding=UTF8&psc=1&refRID=K4VG4XW94BFZK8FYFZF8,B083X24CFF,"JBL Quantum 100 by Harman, Wired Over Ear Gaming Headphones with Detachable Mic for PC, Mobile, Laptop, PS4, Xbox, Nintendo Switch, VR (Black)","₹2,499.00",1,"2,282 ratings",2021-09-25 19:05:05.031329
https://www.amazon.in/PlayStation-Plus-Membership-Delivery-Digital/dp/B07K6VR135/ref=zg_bs_videogames_32/261-4460124-2798536?_encoding=UTF8&psc=1&refRID=K4VG4XW94BFZK8FYFZF8,B07K6VR135,PlayStation Plus: 3 Month Membership Card (Email Delivery in 1 hour- Digital Voucher Code),"₹1,199.00",1,"2,814 ratings",2021-09-25 19:05:12.425751
https://www.amazon.in/PS4-God-of-War/dp/B07YQ73Y8T/ref=zg_bs_videogames_12/261-4460124-2798536?_encoding=UTF8&psc=1&refRID=K4VG4XW94BFZK8FYFZF8,B07YQ73Y8T,Sony PS4 God of War (Playstation 4),₹955.00,1,"2,283 ratings",2021-09-25 19:05:18.797826
https://www.amazon.in/PS4-Marvels-Spider-Man-Miles-Morales/dp/B08LFBM5JV/ref=zg_bs_videogames_11/261-4460124-2798536?_encoding=UTF8&psc=1&refRID=K4VG4XW94BFZK8FYFZF8,B08LFBM5JV,PS4 Marvel's Spider-Man: Miles Morales (PS4),"₹2,669.00",1,827 ratings,2021-09-25 19:05:23.847050
https://www.amazon.in/PS4-Ghost-of-Tsushima/dp/B085LZSG6F/ref=zg_bs_videogames_25/261-4460124-2798536?_encoding=UTF8&psc=1&refRID=K4VG4XW94BFZK8FYFZF8,B085LZSG6F,PS4 Ghost of Tsushima (PS4),"₹2,579.00",1,"1,368 ratings",2021-09-25 19:05:29.855877
https://www.amazon.in/PlayStation-Plus-Membership-Delivery-Digital/dp/B07K6RYVHQ/ref=zg_bs_videogames_22/261-4460124-2798536?_encoding=UTF8&psc=1&refRID=K4VG4XW94BFZK8FYFZF8,B07K6RYVHQ,PlayStation Plus: 12 Month Membership Card (Email Delivery in 1 hour- Digital Voucher Code),"₹2,999.00",1,"2,814 ratings",2021-09-25 19:05:34.960277
https://www.amazon.in/PlayStation-Plus-Membership-Delivery-Digital/dp/B07K6VMWHQ/ref=zg_bs_videogames_6/261-4460124-2798536?_encoding=UTF8&psc=1&refRID=K4VG4XW94BFZK8FYFZF8,B07K6VMWHQ,PlayStation Plus: 1 Month Membership Card (Email Delivery in 1 hour- Digital Voucher Code),₹499.00,1,"2,814 ratings",2021-09-25 19:05:39.071505
https://www.amazon.in/EKSA-T8-Headphones-Controller-Cancelling/dp/B08VJCYLHP/ref=zg_bs_videogames_23/261-4460124-2798536?_encoding=UTF8&psc=1&refRID=K4VG4XW94BFZK8FYFZF8&smid=ADY7N13CHOIVU,B08VJCYLHP,"EKSA T8 Stereo Gaming Headphones for PS4 PC Xbox One PS5 Controller, Noise Cancelling Over Ear Headphones with Mic, LED Light, Bass Surround, Soft Memory Earmuffs for Laptop Mac NES Games (Light Red)",,1,"5,102 ratings",2021-09-25 19:05:46.320513
https://www.amazon.in/Steam-Wallet-Digital-Delivery-within/dp/B0874XJRMR/ref=zg_bs_videogames_2/261-4460124-2798536?_encoding=UTF8&psc=1&refRID=K4VG4XW94BFZK8FYFZF8,B0874XJRMR,INR 500 Steam Wallet Code (Digital Code- Email Delivery within 2 hours),₹500.00,1,845 ratings,2021-09-25 19:05:50.916737
https://www.amazon.in/Sony-PlayStation-Plus-Membership-account/dp/B07FN1L7ZK/ref=zg_bs_videogames_35/261-4460124-2798536?_encoding=UTF8&psc=1&refRID=K4VG4XW94BFZK8FYFZF8,B07FN1L7ZK,Sony PlayStation Plus: 12 Month Membership,,1,483 ratings,2021-09-25 19:05:55.511893
https://www.amazon.in/Rs-4500-Sony-PlayStation-Network-Delivery/dp/B07K6RK5KR/ref=zg_bs_videogames_13/261-4460124-2798536?_encoding=UTF8&psc=1&refRID=K4VG4XW94BFZK8FYFZF8,B07K6RK5KR,Rs.4500 Sony PlayStation Network Wallet Top-Up (Email Delivery in 1 hour- Digital Voucher Code),"₹4,500.00",1,278 ratings,2021-09-25 19:06:00.074563
https://www.amazon.in/Electronic-Arts-FIFA-22-PS4/dp/B0999ZP8G6/ref=zg_bs_videogames_1/261-4460124-2798536?_encoding=UTF8&psc=1&refRID=K4VG4XW94BFZK8FYFZF8,B0999ZP8G6,FIFA 22 (PS4),"₹3,999.00",1,,2021-09-25 19:06:04.450564
https://www.amazon.in/PlayStation-PS4-WALLET-TOP-2000/dp/B082Y8STLL/ref=zg_bs_videogames_34/261-4460124-2798536?_encoding=UTF8&psc=1&refRID=K4VG4XW94BFZK8FYFZF8,B082Y8STLL,PlayStation -PS4 WALLET TOP- UP 2000 IND (PS4),,1,182 ratings,2021-09-25 19:06:09.828832
https://www.amazon.in/NiTHO-DRIVE-RACING-compatible-Switch/dp/B08LFLHXG9/ref=zg_bs_videogames_44/261-4460124-2798536?_encoding=UTF8&psc=1&refRID=K4VG4XW94BFZK8FYFZF8,B08LFLHXG9,"NiTHO DRIVE PRO RACING WHEEL & PEDAL SET, compatible with PC/PS3/PS4/XBOX1/Switch","₹4,459.00",1,63 ratings,2021-09-25 19:06:18.402111
https://www.amazon.in/AmazonBasics-Gaming-Mouse-Pad-Black/dp/B06X3W3YQD/ref=zg_bs_videogames_15/261-4460124-2798536?_encoding=UTF8&psc=1&refRID=K4VG4XW94BFZK8FYFZF8,B06X3W3YQD,"AmazonBasics Gaming Mouse Pad,Black",₹449.00,1,"32,452 ratings",2021-09-25 19:06:23.882907
https://www.amazon.in/Rs-3000-Sony-PlayStation-Network-Delivery/dp/B07K6PVR8B/ref=zg_bs_videogames_3/261-4460124-2798536?_encoding=UTF8&psc=1&refRID=K4VG4XW94BFZK8FYFZF8,B07K6PVR8B,Rs.3000 Sony PlayStation Network Wallet Top-Up (Email Delivery in 1 hour- Digital Voucher Code),"₹3,000.00",1,632 ratings,2021-09-25 19:06:28.882623
https://www.amazon.in/WAR-HAMMER-GX1050-Gaming-Mousepad/dp/B07XTPKPTH/ref=zg_bs_videogames_42/261-4460124-2798536?_encoding=UTF8&psc=1&refRID=K4VG4XW94BFZK8FYFZF8,B07XTPKPTH,"WAR HAMMER GX1050 Speed Type Gaming Mousepad (XL, Black/Red)",₹575.00,1,"1,480 ratings",2021-09-25 19:06:34.557103
https://www.amazon.in/Thumb-Grips-4-Pack-PS4/dp/B08DPDTP5P/ref=zg_bs_videogames_50/261-4460124-2798536?_encoding=UTF8&psc=1&refRID=K4VG4XW94BFZK8FYFZF8,B08DPDTP5P,Thumb Grips 4 Pack for PS4,,1,247 ratings,2021-09-25 19:06:40.797082
https://www.amazon.in/Cosmic-Byte-H1-Headphone-Laptops/dp/B07GB9SMS6/ref=zg_bs_videogames_36/261-4460124-2798536?_encoding=UTF8&psc=1&refRID=K4VG4XW94BFZK8FYFZF8,B07GB9SMS6,"Cosmic Byte H1 Gaming Headphone with Mic for PS5, PC, Laptops, Mobile, PS4, Xbox One (Red)",₹849.00,1,"3,018 ratings",2021-09-25 19:06:46.072068
https://www.amazon.in/Sony-Uncharted-Collection-Hits-PS4/dp/B07M5V17R9/ref=zg_bs_videogames_41/261-4460124-2798536?_encoding=UTF8&psc=1&refRID=K4VG4XW94BFZK8FYFZF8,B07M5V17R9,Uncharted Collection Hits (PS4),₹999.00,1,"1,159 ratings",2021-09-25 19:06:52.890599
https://www.amazon.in/Horizon-Zero-Dawn-Complete-PS4/dp/B07D2NY7RW/ref=zg_bs_videogames_43/261-4460124-2798536?_encoding=UTF8&psc=1&refRID=K4VG4XW94BFZK8FYFZF8,B07D2NY7RW,Sony Horizon: Zero Dawn - Complete Edition (Playstation 4),₹649.00,1,"1,283 ratings",2021-09-25 19:06:58.422505
https://www.amazon.in/UBI-Soft-Assassins-Creed-Odyssey/dp/B07DS1FFHK/ref=zg_bs_videogames_39/261-4460124-2798536?_encoding=UTF8&psc=1&refRID=K4VG4XW94BFZK8FYFZF8,B07DS1FFHK,Assassins Creed: Odyssey (PS4),"₹1,419.00",1,760 ratings,2021-09-25 19:07:03.142186
https://www.amazon.in/AmazonBasics-XXL-Gaming-Mouse-Black/dp/B06VVXMJ1S/ref=zg_bs_videogames_21/261-4460124-2798536?_encoding=UTF8&psc=1&refRID=K4VG4XW94BFZK8FYFZF8&smid=AT95IG9ONZD7S,B06VVXMJ1S,"AmazonBasics XXL Gaming Mouse Pad,Black",,1,"32,452 ratings",2021-09-25 19:07:08.602900
https://www.amazon.in/Steam-Wallet-Digital-Delivery-within/dp/B0874YH2BD/ref=zg_bs_videogames_27/261-4460124-2798536?_encoding=UTF8&psc=1&refRID=K4VG4XW94BFZK8FYFZF8,B0874YH2BD,INR 2500 Steam Wallet Code (Digital Code- Email Delivery within 2 hours),"₹2,500.00",1,193 ratings,2021-09-25 19:07:12.506924
https://www.amazon.in/FIFA-21-Standard-Edition-PS4/dp/B08BJ6LMMN/ref=zg_bs_videogames_19/261-4460124-2798536?_encoding=UTF8&psc=1&refRID=K4VG4XW94BFZK8FYFZF8,B08BJ6LMMN,FIFA 21 Standard Edition (Free PS5 Upgrade),"₹1,799.00",1,"1,089 ratings",2021-09-25 19:07:19.007699
https://www.amazon.in/AmazonBasics-PlayStation-Controller-Charging-PBH-90023-1/dp/B072PW59VK/ref=zg_bs_videogames_31/261-4460124-2798536?_encoding=UTF8&psc=1&refRID=K4VG4XW94BFZK8FYFZF8,B072PW59VK,AmazonBasics PlayStation 4 Controller Charging Cable,,1,"3,811 ratings",2021-09-25 19:07:23.365731
https://www.amazon.in/Steam-Wallet-Digital-Delivery-within/dp/B0874Y3VY5/ref=zg_bs_videogames_5/261-4460124-2798536?_encoding=UTF8&psc=1&refRID=K4VG4XW94BFZK8FYFZF8,B0874Y3VY5,INR 1000 Steam Wallet Code (Digital Code- Email Delivery within 2 hours),"₹1,000.00",1,653 ratings,2021-09-25 19:07:28.146660
https://www.amazon.in/Fortnite-1000-V-Bucks-Gift-Card/dp/B098CBQ3GD/ref=zg_bs_videogames_45/261-4460124-2798536?_encoding=UTF8&psc=1&refRID=K4VG4XW94BFZK8FYFZF8,B098CBQ3GD,Fortnite 1000 V-Bucks Gift Card Code Only (NO CD/DVD),"₹1,499.00",1,28 ratings,2021-09-25 19:07:32.021834
https://www.amazon.in/Red-Dead-Redemption-2-PS4/dp/B07BFGGNT9/ref=zg_bs_videogames_17/261-4460124-2798536?_encoding=UTF8&psc=1&refRID=K4VG4XW94BFZK8FYFZF8,B07BFGGNT9,Red Dead Redemption - 2 (PS4),,1,"2,365 ratings",2021-09-25 19:07:37.319592
https://www.amazon.in/Redgear-MP44-Speed-Type-Gaming-Mousepad/dp/B07J68QGR6/ref=zg_bs_videogames_10/261-4460124-2798536?_encoding=UTF8&psc=1&refRID=K4VG4XW94BFZK8FYFZF8,B07J68QGR6,Redgear MP44 Speed-Type Gaming Mousepad (Black and Red),₹399.00,1,"18,958 ratings",2021-09-25 19:07:42.246763
https://www.amazon.in/Airdopes-121v2-Bluetooth-Immersive-Assistant/dp/B08JQN8DGZ/ref=zg_bs_electronics_8?_encoding=UTF8&psc=1&refRID=01BRWPEF77PW5H9TBZPV,B08JQN8DGZ,boAt Airdopes 121v2 Truly Wireless Bluetooth in Ear Earbuds with Mic (Active Black),"₹1,299.00",1,"47,355 ratings",2021-09-25 19:07:47.808787
https://www.amazon.in/JBL-C100SI-Ear-Headphones-Black/dp/B01DEWVZ2C/ref=zg_bs_electronics_16?_encoding=UTF8&psc=1&refRID=01BRWPEF77PW5H9TBZPV&smid=A14CZOWI0VEHLG,B01DEWVZ2C,JBL C100SI by Harman Wired In Ear Headphones with Mic (Black),,1,"147,325 ratings",2021-09-25 19:07:53.098701
https://www.amazon.in/Boat-BassHeads-900-Wired-Headphone/dp/B074ZF7PVZ/ref=zg_bs_electronics_42?_encoding=UTF8&psc=1&refRID=01BRWPEF77PW5H9TBZPV,B074ZF7PVZ,boAt Bassheads 900 Wired On Ear Headphones with Mic (Carbon Black),₹749.00,1,"58,818 ratings",2021-09-25 19:07:59.027087
https://www.amazon.in/Test-Exclusive_2020_1113-Multi-3GB-Storage/dp/B089MS8XQ3/ref=zg_bs_electronics_36?_encoding=UTF8&psc=1&refRID=01BRWPEF77PW5H9TBZPV,B089MS8XQ3,"Redmi 9 Power (Blazing Blue, 4GB RAM, 64GB Storage) - 6000mAh Battery |FHD+ Screen| 48MP Quad Camera | Alexa Hands-Free Capable","₹11,499.00",1,"78,798 ratings",2021-09-25 19:08:10.365784
https://www.amazon.in/boAt-A325-Tangle-Free-Charging-Transmission/dp/B08WRBG3XW/ref=zg_bs_electronics_38?_encoding=UTF8&psc=1&refRID=01BRWPEF77PW5H9TBZPV,B08WRBG3XW,"boAt Type C A325 Tangle-Free, Sturdy Type C Cable with 3A Rapid Charging & 480mbps Data Transmission(Black)",₹199.00,1,"18,512 ratings",2021-09-25 19:08:23.252754
https://www.amazon.in/20000mAh-Sandstone-Triple-Charging-Delivery/dp/B08HV83HL3/ref=zg_bs_electronics_12?_encoding=UTF8&psc=1&refRID=01BRWPEF77PW5H9TBZPV,B08HV83HL3,Mi Power Bank 3i 20000mAh | 18W Fast PD Charging | Input- Type C and Micro USB| Triple Output | Sandstone Black,"₹1,699.00",1,"76,190 ratings",2021-09-25 19:08:28.702696
https://www.amazon.in/GM-Modular-3060-Book-Multicolour/dp/B008XT42JU/ref=zg_bs_electronics_49?_encoding=UTF8&psc=1&refRID=01BRWPEF77PW5H9TBZPV,B008XT42JU,"GM 3060 E-Book 4 + 1 Power Strip with Master Switch, Indicator, Safety Shutter & 4 international sockets",₹472.00,1,"30,411 ratings",2021-09-25 19:08:35.441270
https://www.amazon.in/Redmi-Storage-Super-Amoled-Display/dp/B0948NNY3W/ref=zg_bs_electronics_34?_encoding=UTF8&psc=1&refRID=01BRWPEF77PW5H9TBZPV,B0948NNY3W,"Redmi Note 10S (Deep Sea Blue, 6GB RAM, 64GB Storage) -Super Amoled Display | 64 MP Quad Camera | Alexa Built in",,1,"15,863 ratings",2021-09-25 19:08:43.815975
https://www.amazon.in/MI-MTCY001IN-USB-Type-C-Cable/dp/B08DDRGWTJ/ref=zg_bs_electronics_22?_encoding=UTF8&psc=1&refRID=01BRWPEF77PW5H9TBZPV,B08DDRGWTJ,Mi USB Type-C Cable,₹199.00,1,"13,062 ratings",2021-09-25 19:08:49.303660
https://www.amazon.in/OnePlus-Bullets-Wireless-Bass-Reverb/dp/B08HLTFB33/ref=zg_bs_electronics_7?_encoding=UTF8&psc=1&refRID=01BRWPEF77PW5H9TBZPV,B08HLTFB33,OnePlus Bullets in Ear Wireless Z Bass Edition with Mic (Reverb Red),"₹1,999.00",1,"109,376 ratings",2021-09-25 19:08:56.738052
https://www.amazon.in/Redmi-Carbon-Black-64GB-Storage/dp/B086985T6R/ref=zg_bs_electronics_27?_encoding=UTF8&psc=1&refRID=01BRWPEF77PW5H9TBZPV,B086985T6R,"Redmi 9 (Carbon Black, 4GB RAM, 64GB Storage) | 2.3GHz Mediatek Helio G35 Octa core Processor",,1,"95,309 ratings",2021-09-25 19:09:04.625177
https://www.amazon.in/boAt-Rockerz-245v2-Bluetooth-Resistance/dp/B097DW69H1/ref=zg_bs_electronics_32?_encoding=UTF8&psc=1&refRID=01BRWPEF77PW5H9TBZPV,B097DW69H1,"boAt Rockerz 245v2 Wireless Bluetooth V5.0, 8 Hours Playback Time, IPX5 Sweat and Water Resistance, in-Built mic and Voice Assistant(Ocean Blue), One Size",₹899.00,1,"18,738 ratings",2021-09-25 19:09:10.346390
https://www.amazon.in/SanDisk-Cruzer-Blade-Flash-Drive/dp/B005FYNT3G/ref=zg_bs_electronics_25?_encoding=UTF8&psc=1&refRID=01BRWPEF77PW5H9TBZPV,B005FYNT3G,SanDisk Cruzer Blade 32GB USB Flash Drive,₹379.00,1,"177,296 ratings",2021-09-25 19:09:16.003002
https://www.amazon.in/MJSXJ02CM-1080P-Security-Camera-White/dp/B07HJD1KH4/ref=zg_bs_electronics_50?_encoding=UTF8&psc=1&refRID=01BRWPEF77PW5H9TBZPV,B07HJD1KH4,"MI Wi-Fi 1080p Full HD 360° Viewing Area Smart Security Camera, White","₹2,999.00",1,"23,514 ratings",2021-09-25 19:09:21.054277
https://www.amazon.in/Redmi-9A-Midnight-2GB-32GB/dp/B08697N43G/ref=zg_bs_electronics_24?_encoding=UTF8&psc=1&refRID=01BRWPEF77PW5H9TBZPV,B08697N43G,"Redmi 9A (Midnight Black, 2GB RAM, 32GB Storage) | 2GHz Octa-Core Helio G25 Processor","₹6,999.00",1,"19,466 ratings",2021-09-25 19:09:29.449140
https://www.amazon.in/Samsung-Plus-microSDXC-Adapter-MB-MC64HA/dp/B08D1J84FY/ref=zg_bs_electronics_31?_encoding=UTF8&psc=1&refRID=01BRWPEF77PW5H9TBZPV,B08D1J84FY,Samsung EVO Plus 64GB microSDXC UHS-I 100MB/s Full HD & 4K UHD Memory Card with Adapter (MB-MC64HA),₹633.00,1,"91,359 ratings",2021-09-25 19:09:34.626336
https://www.amazon.in/OnePlus-Nord-Blue-128GB-Storage/dp/B097RD2JX8/ref=zg_bs_electronics_3?_encoding=UTF8&psc=1&refRID=01BRWPEF77PW5H9TBZPV,B097RD2JX8,"OnePlus Nord 2 5G (Blue Haze, 8GB RAM, 128GB Storage)",,1,"27,187 ratings",2021-09-25 19:09:42.578609
https://www.amazon.in/Apple-USB-C-Adapter-iPhone-AirPods/dp/B08L5WWFCY/ref=zg_bs_electronics_15?_encoding=UTF8&psc=1&refRID=01BRWPEF77PW5H9TBZPV,B08L5WWFCY,"Apple 20W USB-C Power Adapter (for iPhone, iPad & AirPods)","₹1,800.00",1,"16,106 ratings",2021-09-25 19:09:47.175562
https://www.amazon.in/OnePlus-Nord-Charcoal-128GB-Storage/dp/B09576CYNP/ref=zg_bs_electronics_26?_encoding=UTF8&psc=1&refRID=01BRWPEF77PW5H9TBZPV,B09576CYNP,"OnePlus Nord CE 5G (Charcoal Ink, 8GB RAM, 128GB Storage)",,1,"48,364 ratings",2021-09-25 19:09:55.439267
https://www.amazon.in/Test-Exclusive_2020_1159-Multi-3GB-Storage/dp/B089MVC43X/ref=zg_bs_electronics_6?_encoding=UTF8&psc=1&refRID=01BRWPEF77PW5H9TBZPV,B089MVC43X,"Redmi Note 10 Pro Max (Dark Night, 8GB RAM, 128GB Storage) -108MP Quad Camera | 120Hz Super Amoled Display","₹21,999.00",1,"25,991 ratings",2021-09-25 19:10:03.727583
https://www.amazon.in/Redmi-9A-2GB-32GB-Storage/dp/B086978F2L/ref=zg_bs_electronics_9?_encoding=UTF8&psc=1&refRID=01BRWPEF77PW5H9TBZPV,B086978F2L,Redmi 9A (Sea Blue 2GB RAM 32GB Storage) | 2GHz Octa-core Helio G25 Processor | 5000 mAh Battery,"₹6,999.00",1,"81,932 ratings",2021-09-25 19:10:14.842669
https://www.amazon.in/Boult-Audio-Wireless-Earphones-Bluetooth/dp/B08D12DNTQ/ref=zg_bs_electronics_40?_encoding=UTF8&psc=1&refRID=01BRWPEF77PW5H9TBZPV,B08D12DNTQ,"Boult Audio AirBass Propods True Wireless in-Ear Earphones with 24H Total Playtime, Touch Controls, Type-C Fast Charging, IPX5 Sweatproof, Low Latency for Gaming (Black)",,1,"8,716 ratings",2021-09-25 19:10:20.607049
https://www.amazon.in/OFIXO-Multi-Purpose-Foldable-Portable-Writing/dp/B08HQL67D6/ref=zg_bs_electronics_18?_encoding=UTF8&psc=1&refRID=01BRWPEF77PW5H9TBZPV,B08HQL67D6,OFIXO Multi-Purpose Laptop Table/Study Table/Bed Table/Foldable and Portable Wooden/Writing Desk (Wooden),₹500.00,1,"8,192 ratings",2021-09-25 19:10:26.102347
https://www.amazon.in/Tangent-Lite-Magnetic-Bluetooth-Headphones/dp/B085W8CFLH/ref=zg_bs_electronics_37?_encoding=UTF8&psc=1&refRID=01BRWPEF77PW5H9TBZPV,B085W8CFLH,PTron Tangent Lite Wireless Bluetooth In-Ear Neckband Headphone With Mic (Black),,1,"53,578 ratings",2021-09-25 19:10:31.943635
https://www.amazon.in/Samsung-Galaxy-Ocean-128GB-Storage/dp/B07HG8S7KP/ref=zg_bs_electronics_20?_encoding=UTF8&psc=1&refRID=01BRWPEF77PW5H9TBZPV,B07HG8S7KP,"Samsung Galaxy M31 (Ocean Blue, 8GB RAM, 128GB Storage) 6 Months Free Screen Replacement for Prime","₹16,999.00",1,"252,658 ratings",2021-09-25 19:10:41.423398
https://www.amazon.in/Realme-Buds-Android-Smartphones-Black/dp/B07XMFDHSG/ref=zg_bs_electronics_46?_encoding=UTF8&psc=1&refRID=01BRWPEF77PW5H9TBZPV,B07XMFDHSG,realme Wired in Ear Buds 2 with Mic for Android Smartphones (Black),₹599.00,1,"90,414 ratings",2021-09-25 19:10:46.995894
https://www.amazon.in/OnePlus-Buds-Z-White/dp/B07XY541GH/ref=zg_bs_electronics_21?_encoding=UTF8&psc=1&refRID=01BRWPEF77PW5H9TBZPV,B07XY541GH,OnePlus Wireless Bluetooth In-Ear Earbuds With Mic (White),"₹2,999.00",1,"48,880 ratings",2021-09-25 19:10:52.552225
https://www.amazon.in/OnePlus-Buds-Z-Gray/dp/B08HLVKCKC/ref=zg_bs_electronics_47?_encoding=UTF8&psc=1&refRID=01BRWPEF77PW5H9TBZPV,B08HLVKCKC,OnePlus Buds Z Wireless Bluetooth In-Ear Buds With Mic (Grey),"₹2,999.00",1,"48,880 ratings",2021-09-25 19:10:58.952922
https://www.amazon.in/OnePlus-Bullets-Wireless-Bass-Black/dp/B092ZJVB6Z/ref=zg_bs_electronics_2?_encoding=UTF8&psc=1&refRID=01BRWPEF77PW5H9TBZPV,B092ZJVB6Z,OnePlus Bullets Wireless Z Bass Edition (Bold Black),"₹1,999.00",1,"109,439 ratings",2021-09-25 19:11:03.816647
https://www.amazon.in/Dell-MS116-1000DPI-Wired-Optical/dp/B01HJI0FS2/ref=zg_bs_electronics_23?_encoding=UTF8&psc=1&refRID=01BRWPEF77PW5H9TBZPV,B01HJI0FS2,Dell MS116 1000DPI USB Wired Optical Mouse,₹299.00,1,"15,193 ratings",2021-09-25 19:11:09.925999
https://www.amazon.in/Test-Exclusive_2020_1140-Multi-3GB-Storage/dp/B089MT36T8/ref=zg_bs_electronics_17?_encoding=UTF8&psc=1&refRID=01BRWPEF77PW5H9TBZPV,B089MT36T8,"Redmi Note 10 (Aqua Green, 4GB RAM, 64GB Storage) -Amoled Dot Display | 48MP Sony Sensor IMX582 | Snapdragon 678 Processor",,1,"102,608 ratings",2021-09-25 19:11:18.345873
https://www.amazon.in/255-Bluetooth-Wireless-Earphone-Immersive/dp/B07C2VJXP4/ref=zg_bs_electronics_19?_encoding=UTF8&psc=1&refRID=01BRWPEF77PW5H9TBZPV,B07C2VJXP4,"boAt Rockerz 255 in-Ear Earphones with 8 Hours Battery, IPX5, Bluetooth V5.0 and Voice Assistant(Active Black)","₹1,099.00",1,"340,759 ratings",2021-09-25 19:11:23.522296
https://www.amazon.in/Rockerz-Bluetooth-Immersive-Resistance-Assistant/dp/B07TXVLB1G/ref=zg_bs_electronics_4?_encoding=UTF8&psc=1&refRID=01BRWPEF77PW5H9TBZPV,B07TXVLB1G,"boAt Rockerz 245v2 Wireless Bluetooth V5.0, 8 Hours Playback Time, IPX5 Sweat and Water Resistance, in-Built mic and Voice Assistant(Active Black)",,1,"18,738 ratings",2021-09-25 19:11:29.485324
https://www.amazon.in/Airdopes-121v2-Bluetooth-Immersive-Assistant/dp/B08JQLB5CG/ref=zg_bs_electronics_41?_encoding=UTF8&psc=1&refRID=01BRWPEF77PW5H9TBZPV,B08JQLB5CG,boAt Airdopes 121v2 Truly Wireless Bluetooth in Ear Earbuds with Mic (Midnight Blue),"₹1,299.00",1,"47,382 ratings",2021-09-25 19:11:34.724427
https://www.amazon.in/Redmi-9A-2GB-32GB-Storage/dp/B08696XB4B/ref=zg_bs_electronics_5?_encoding=UTF8&psc=1&refRID=01BRWPEF77PW5H9TBZPV,B08696XB4B,"Redmi 9A (Nature Green, 2GB RAM, 32GB Storage) | 2GHz Octa-core Helio G25 Processor | 5000 mAh Battery","₹6,999.00",1,"81,932 ratings",2021-09-25 19:11:44.150309
https://www.amazon.in/HP-Original-Advantage-Cartridge-Black/dp/B014AKZMNK/ref=zg_bs_electronics_35?_encoding=UTF8&psc=1&refRID=01BRWPEF77PW5H9TBZPV,B014AKZMNK,HP 680 Original Ink Advantage Cartridge (Black),₹851.00,1,"18,709 ratings",2021-09-25 19:11:49.608411
https://www.amazon.in/OnePlus-Nord-Sierra-128GB-Storage/dp/B097RDVDL2/ref=zg_bs_electronics_44?_encoding=UTF8&psc=1&refRID=01BRWPEF77PW5H9TBZPV,B097RDVDL2,"OnePlus Nord 2 5G (Gray Sierra, 8GB RAM, 128GB Storage)",,1,"27,187 ratings",2021-09-25 19:11:57.895147
https://www.amazon.in/boAt-BassHeads-100-Headphones-Black/dp/B071Z8M4KX/ref=zg_bs_electronics_1?_encoding=UTF8&psc=1&refRID=01BRWPEF77PW5H9TBZPV,B071Z8M4KX,boAt Bassheads 100 in Ear Wired Earphones with Mic(Black),₹349.00,1,"245,115 ratings",2021-09-25 19:12:05.255186
https://www.amazon.in/boAt-Rockerz-255-Pro-Earphones/dp/B08TV2P1N8/ref=zg_bs_electronics_14?_encoding=UTF8&psc=1&refRID=01BRWPEF77PW5H9TBZPV,B08TV2P1N8,"boAt Rockerz 255 Pro+ in-Ear Earphones with 40 Hours Battery, ASAP Charge, IPX7, Bluetooth Version 5.0, 10mm Drivers and Voice Assistant(Active Black)","₹1,499.00",1,"340,759 ratings",2021-09-25 19:12:11.233305
https://www.amazon.in/Redmi-Note-Frost-White-128GB/dp/B0948M5DZW/ref=zg_bs_electronics_33?_encoding=UTF8&psc=1&refRID=01BRWPEF77PW5H9TBZPV,B0948M5DZW,"Redmi Note 10S (Frost White, 6GB RAM, 128GB) - Super Amoled Display | 64 MP Quad Camera |NCEMI Offer on HDFC Cards | 6 Month Free Screen Replacement (Prime only) | Alexa Built in",,1,"15,863 ratings",2021-09-25 19:12:19.727912
https://www.amazon.in/boAt-Smartwatch-Multiple-Monitoring-Resistance/dp/B096VF5YYF/ref=zg_bs_electronics_45?_encoding=UTF8&psc=1&refRID=01BRWPEF77PW5H9TBZPV,B096VF5YYF,"boAt Xtend Smartwatch with Alexa Built-in, 1.69” HD Display, Multiple Watch Faces, Stress Monitor, Heart & SpO2 Monitoring, 14 Sports Modes, Sleep Monitor & 5 ATM Water Resistance(Pitch Black)","₹3,499.00",1,"7,602 ratings",2021-09-25 19:12:25.292675
https://www.amazon.in/boAt-Rockerz-255-Pro-Earphones/dp/B08TSSCZR8/ref=zg_bs_electronics_29?_encoding=UTF8&psc=1&refRID=01BRWPEF77PW5H9TBZPV,B08TSSCZR8,boAt Rockerz 255 Pro+ Wireless Bluetooth in Ear Neckband Earphone with Mic (Teal Green),"₹1,399.00",1,"340,759 ratings",2021-09-25 19:12:31.241574
https://www.amazon.in/Boat-Bassheads-242-Earphones-Resistance/dp/B07S9S86BF/ref=zg_bs_electronics_13?_encoding=UTF8&psc=1&refRID=01BRWPEF77PW5H9TBZPV,B07S9S86BF,boAt Bassheads 242 in Ear Wired Earphones with Mic(Active Black),₹499.00,1,"82,077 ratings",2021-09-25 19:12:36.660457
https://www.amazon.in/Nokia-105-2019-Single-Black/dp/B07YYNX5X6/ref=zg_bs_electronics_28?_encoding=UTF8&psc=1&refRID=01BRWPEF77PW5H9TBZPV,B07YYNX5X6,Nokia 105 Single SIM (Black),"₹1,249.00",1,"47,635 ratings",2021-09-25 19:12:43.315955
https://www.amazon.in/Test-Exclusive_2020_1157-Multi-3GB-Storage/dp/B089MV3Q2G/ref=zg_bs_electronics_10?_encoding=UTF8&psc=1&refRID=01BRWPEF77PW5H9TBZPV,B089MV3Q2G,"Redmi Note 10 Pro Max (Vintage Bronze, 6GB RAM, 128GB Storage) -108MP Quad Camera | 120Hz Super Amoled Display",,1,"25,991 ratings",2021-09-25 19:12:49.103694
https://www.amazon.in/Adjustable-Holder-Universal-Windshield-Smartphones/dp/B0746JGVDS/ref=zg_bs_electronics_43?_encoding=UTF8&psc=1&refRID=01BRWPEF77PW5H9TBZPV,B0746JGVDS,"ELV Car Mount Adjustable Car Phone Holder Universal Long Arm, Windshield for Smartphones - Black",,1,"24,451 ratings",2021-09-25 19:12:54.441262
https://www.amazon.in/Redmi-Sky-Blue-64GB-Storage/dp/B08697N43N/ref=zg_bs_electronics_11?_encoding=UTF8&psc=1&refRID=01BRWPEF77PW5H9TBZPV,B08697N43N,"Redmi 9 (Sky Blue, 4GB RAM, 64GB Storage) | 2.3GHz Mediatek Helio G35 Octa core Processor",,1,"95,353 ratings",2021-09-25 19:13:03.163001
https://www.amazon.in/Generic-Portable-Flexible-Light-Colors/dp/B01M8KRCDN/ref=zg_bs_electronics_30?_encoding=UTF8&psc=1&refRID=01BRWPEF77PW5H9TBZPV,B01M8KRCDN,"E-COSMOS for Portable Flexible USB LED Light Lamp, Multicolour, Small (USB-LED-LAMP)",₹39.00,1,"6,096 ratings",2021-09-25 19:13:09.018548
https://www.amazon.in/Test-Exclusive_2020_1160-Multi-3GB-Storage/dp/B089MTP294/ref=zg_bs_electronics_48?_encoding=UTF8&psc=1&refRID=01BRWPEF77PW5H9TBZPV,B089MTP294,"Redmi Note 10 Pro Max (Dark Night, 8GB RAM, 128GB Storage) -108MP Quad Camera | 120Hz Super Amoled Display","₹21,999.00",1,"25,991 ratings",2021-09-25 19:13:17.480878
https://www.amazon.in/Test-Exclusive_2020_1151-Multi-3GB-Storage/dp/B089MT35TK/ref=zg_bs_electronics_39?_encoding=UTF8&psc=1&refRID=01BRWPEF77PW5H9TBZPV,B089MT35TK,"Redmi Note 10 Pro (Dark Night, 6GB RAM, 128GB Storage) -120hz Super Amoled Display|64MPwith 5mp Super Tele-Macro","₹17,999.00",1,"31,780 ratings",2021-09-25 19:13:26.237270
https://www.amazon.in/Bfit-Gen-Color-Touchscreen-Temperature/dp/B08P5R5DZ4/ref=zg_bs_2563504031_19?_encoding=UTF8&psc=1&refRID=4PR8YHZC2A2NTN9S5S7V,B08P5R5DZ4,"BFIT Gen B1 Touchscreen Unisex Stainless Steel case smartwatch with HRM, Temperature Measurement, and Upto 15 Days Active Battery Life","₹1,764.00",1,132 ratings,2021-09-25 19:13:32.415626
https://www.amazon.in/Acnos-Brown-Black-Analog-Watches/dp/B07TY75QP6/ref=zg_bs_2563504031_14?_encoding=UTF8&psc=1&refRID=4PR8YHZC2A2NTN9S5S7V,B07TY75QP6,Acnos Analogue Men's Watch (Pack of 3) (Multicolored Dial Multicolored Colored Strap),₹369.00,1,"2,282 ratings",2021-09-25 19:13:37.096248
https://www.amazon.in/Metallic-Square-Multi-Functional-Automatic-Digital/dp/B099J2ZLZF/ref=zg_bs_2563504031_21?_encoding=UTF8&psc=1&refRID=4PR8YHZC2A2NTN9S5S7V,B099J2ZLZF,"Metallic Blue Square LED Multi-Functional Automatic Sports Watch for Men's Kids Watch for Boys, Girls, Women- Watch for Men led Digital Digital Watch - for Men & Women (Black)",₹88.00,1,38 ratings,2021-09-25 19:13:41.738069
https://www.amazon.in/Timewear-Military-Analogue-Digital-Sports/dp/B07PJXJKJS/ref=zg_bs_2563504031_1?_encoding=UTF8&psc=1&refRID=4PR8YHZC2A2NTN9S5S7V,B07PJXJKJS,TIMEWEAR Digital Men's Watch,,1,"11,844 ratings",2021-09-25 19:13:46.450834
https://www.amazon.in/Vills-Laurrens-Black-Wrist-VL-1114/dp/B08B3FT6X4/ref=zg_bs_2563504031_50?_encoding=UTF8&psc=1&refRID=4PR8YHZC2A2NTN9S5S7V,B08B3FT6X4,VILLS LAURRENS Analogue Men's Watch (Black Dial),,1,"1,840 ratings",2021-09-25 19:13:50.877584
https://www.amazon.in/Watch-Company-Digital-Unisex-Birthday/dp/B0972HYQS3/ref=zg_bs_2563504031_17?_encoding=UTF8&psc=1&refRID=4PR8YHZC2A2NTN9S5S7V,B0972HYQS3,The Watch Company Digital Black Dial Led Watch for Kids Unisex Birthday Gift Digital Watch - for Boys & Girls,₹79.00,1,47 ratings,2021-09-25 19:13:55.796903
https://www.amazon.in/Fastrack-Casual-Analog-White-Watch-NJ3114PP01C/dp/B00NLASVBQ/ref=zg_bs_2563504031_45?_encoding=UTF8&psc=1&refRID=4PR8YHZC2A2NTN9S5S7V,B00NLASVBQ,Fastrack Casual Analog White Dial Men's Watch NM3114PP01/NN3114PP01,"₹1,050.00",1,"3,203 ratings",2021-09-25 19:14:00.621192
https://www.amazon.in/SELLORIA-Shock-Digital-Watch-Years/dp/B08X6LNL9Z/ref=zg_bs_2563504031_48?_encoding=UTF8&psc=1&refRID=4PR8YHZC2A2NTN9S5S7V,B08X6LNL9Z,SELLORIA S Shock Digital Kids Watch for Boys [7-30 Years],,1,16 ratings,2021-09-25 19:14:05.287861
https://www.amazon.in/Sonata-Super-Fibre-Analog-Watch-NH7930PP01C/dp/B00ECWG1NC/ref=zg_bs_2563504031_11?_encoding=UTF8&psc=1&refRID=4PR8YHZC2A2NTN9S5S7V,B00ECWG1NC,SF Analog Black Round Dial Men's Casual Watch-NL7930PP01,₹599.00,1,"6,146 ratings",2021-09-25 19:14:10.941027
https://www.amazon.in/Black-Digital-led-Watch-Girls/dp/B098TGS6ZF/ref=zg_bs_2563504031_26?_encoding=UTF8&psc=1&refRID=4PR8YHZC2A2NTN9S5S7V,B098TGS6ZF,"TRON Black Digital led Watch for Boys, Men,Girls",₹92.00,1,80 ratings,2021-09-25 19:14:16.213854
https://www.amazon.in/Green-Multicolor-Sports-Digital-Watch/dp/B07HVLQKD1/ref=zg_bs_2563504031_44?_encoding=UTF8&psc=1&refRID=4PR8YHZC2A2NTN9S5S7V,B07HVLQKD1,"Emartos Fashion Digital Men's & Boy's Watch (Black Dial, Green Colored Strap)",,1,"1,402 ratings",2021-09-25 19:14:21.441571
https://www.amazon.in/Digital-Shockproof-Multi-Functional-Automatic-Waterproof/dp/B09BFZLX2T/ref=zg_bs_2563504031_37?_encoding=UTF8&psc=1&refRID=4PR8YHZC2A2NTN9S5S7V,B09BFZLX2T,Frozil Digital Watch with Square Led Shockproof Multi-Functional Automatic Black Color Strap Waterproof Digital Sports Watch for Men's Kids Watch for Boys Watch for Men Pack of 2,,1,25 ratings,2021-09-25 19:14:26.383624
https://www.amazon.in/Lorenz-Analogue-Wayfarer-Sunglasses-CM-103SN/dp/B07BZ1DMFY/ref=zg_bs_2563504031_18?_encoding=UTF8&psc=1&refRID=4PR8YHZC2A2NTN9S5S7V,B07BZ1DMFY,Lorenz Analogue Black Dial Men's Watch & Wayfarer Sunglasses Combo for Men |Gift Combo Set for Men & Boys (CM-103SN),,1,680 ratings,2021-09-25 19:14:31.306792
https://www.amazon.in/PIRASO-Analog-Stunning-Stainless-Display/dp/B08PSFHS5Y/ref=zg_bs_2563504031_4?_encoding=UTF8&psc=1&refRID=4PR8YHZC2A2NTN9S5S7V,B08PSFHS5Y,PIRASO Analogue Classy Look Blue Dial and Brown Chain Watch for Men Boys,,1,905 ratings,2021-09-25 19:14:36.058131
https://www.amazon.in/Espoir-Analog-Brown-Dial-Watch-LS5098-2/dp/B07G9FZBN8/ref=zg_bs_2563504031_46?_encoding=UTF8&psc=1&refRID=4PR8YHZC2A2NTN9S5S7V,B07G9FZBN8,Espoir Analogue Men's & Boy's Watch,₹227.00,1,"5,162 ratings",2021-09-25 19:14:41.681767
https://www.amazon.in/Vills-Laurrens-VL-1114-Stunning-Black/dp/B07GL4RYMC/ref=zg_bs_2563504031_12?_encoding=UTF8&psc=1&refRID=4PR8YHZC2A2NTN9S5S7V,B07GL4RYMC,VILLS LAURRENS Analogue Men's Watch (Black Dial Black Colored Strap),,1,"3,601 ratings",2021-09-25 19:14:45.756448
https://www.amazon.in/SWADESI-STUFF-Silicon-Stylish-Designer/dp/B0989HT44R/ref=zg_bs_2563504031_25?_encoding=UTF8&psc=1&refRID=4PR8YHZC2A2NTN9S5S7V,B0989HT44R,SWADESI STUFF Square Multi DIAL Analog Silicon Strap ADDI Stylish Designer Analog Watch - for Boys,,1,362 ratings,2021-09-25 19:14:50.491443
https://www.amazon.in/LORENZ-Brown-Watch-Wallet-Combo/dp/B07BZFBTH5/ref=zg_bs_2563504031_29?_encoding=UTF8&psc=1&refRID=4PR8YHZC2A2NTN9S5S7V,B07BZFBTH5,LORENZ Brown Watch and Wallet Combo for Men,,1,"1,784 ratings",2021-09-25 19:14:55.196196
https://www.amazon.in/Acnos-Stylist-Analog-Watch-Combo/dp/B07TY76N4F/ref=zg_bs_2563504031_43?_encoding=UTF8&psc=1&refRID=4PR8YHZC2A2NTN9S5S7V,B07TY76N4F,Acnos Analogue Men's Watch Multicolored Dial Multicolored Colored Strap (Pack of 3),₹379.00,1,"4,377 ratings",2021-09-25 19:15:00.165629
https://www.amazon.in/Decode-Analogue-Black-Dial-Watch/dp/B078X1ZVNZ/ref=zg_bs_2563504031_24?_encoding=UTF8&psc=1&refRID=4PR8YHZC2A2NTN9S5S7V,B078X1ZVNZ,Decode Matrix Analogue Men's Watch (Black Dial Black Colored Strap),,1,"1,326 ratings",2021-09-25 19:15:04.719594
https://www.amazon.in/CURREN-Analogue-Black-Watch-Cur007/dp/B078J49Y1F/ref=zg_bs_2563504031_36?_encoding=UTF8&psc=1&refRID=4PR8YHZC2A2NTN9S5S7V,B078J49Y1F,CURREN Analogue Men's Watch(Black Dial & Black Colored Strap)-CUR35,₹549.00,1,494 ratings,2021-09-25 19:15:09.920024
https://www.amazon.in/Sonata-Digital-Grey-Dial-Watch-NK7982PP04/dp/B00B81QJBO/ref=zg_bs_2563504031_22?_encoding=UTF8&psc=1&refRID=4PR8YHZC2A2NTN9S5S7V,B00B81QJBO,SF Venus Digital Digital Grey Round Dial Men's Sport Watch-NM7982PP04,₹405.00,1,"6,199 ratings",2021-09-25 19:15:14.526724
https://www.amazon.in/WRIGHTRACK-Generation-Digital-Square-Calendar/dp/B09G77DLBY/ref=zg_bs_2563504031_8?_encoding=UTF8&psc=1&refRID=4PR8YHZC2A2NTN9S5S7V,B09G77DLBY,"WRIGHTRACK New Generation Digital Square Black Dial Day Date Calendar Red LED Watch for Boys, Girls & Kids",,1,11 ratings,2021-09-25 19:15:20.614329
https://www.amazon.in/Casio-Vintage-Digital-Black-Watch/dp/B00HFPIIOI/ref=zg_bs_2563504031_30?_encoding=UTF8&psc=1&refRID=4PR8YHZC2A2NTN9S5S7V,B00HFPIIOI,Casio Youth Series Digital Black Dial Unisex Watch - F-91W-1Q(D002),₹895.00,1,"4,768 ratings",2021-09-25 19:15:24.972579
https://www.amazon.in/Swadesi-Stuff-Multi-Color-Digital/dp/B0993NCXMX/ref=zg_bs_2563504031_6?_encoding=UTF8&psc=1&refRID=4PR8YHZC2A2NTN9S5S7V,B0993NCXMX,"SWADESI STUFF Digital Boy's Watch (Black Dial, Multicolored Strap)",,1,"2,238 ratings",2021-09-25 19:15:30.498446
https://www.amazon.in/TIMEWEAR-Functioning-White-Chain-Watch/dp/B07MDGSP8F/ref=zg_bs_2563504031_3?_encoding=UTF8&psc=1&refRID=4PR8YHZC2A2NTN9S5S7V,B07MDGSP8F,TIMEWEAR Analog Day Date Functioning Stainless Steel Chain Watch for Men,,1,"3,117 ratings",2021-09-25 19:15:35.134380
https://www.amazon.in/Shocknshop-Digital-Sports-Functional-315RED/dp/B08X1HCVWF/ref=zg_bs_2563504031_10?_encoding=UTF8&psc=1&refRID=4PR8YHZC2A2NTN9S5S7V,B08X1HCVWF,Shocknshop Digital Sports Multi Functional Black Dial Watch for Mens Boys -315RED,₹325.00,1,388 ratings,2021-09-25 19:15:39.896933
https://www.amazon.in/Swadesi-Amazing-Spider-Stylish-Analog/dp/B07PRVFXGQ/ref=zg_bs_2563504031_28?_encoding=UTF8&psc=1&refRID=4PR8YHZC2A2NTN9S5S7V,B07PRVFXGQ,SWADESI STUFF Analogue Multicolour Dial Boy's & Girl's Watch,₹199.00,1,"1,582 ratings",2021-09-25 19:15:44.674509
https://www.amazon.in/Mens-Watch-Black-Colored-Strap/dp/B08FBFNFQZ/ref=zg_bs_2563504031_41?_encoding=UTF8&psc=1&refRID=4PR8YHZC2A2NTN9S5S7V,B08FBFNFQZ,Decode Analogue Men's Watch (Black Dial Black Colored Strap),,1,352 ratings,2021-09-25 19:15:49.018819
https://www.amazon.in/SWADESI-STUFF-Digital-Multicolored-Colored/dp/B083L7W4SJ/ref=zg_bs_2563504031_15?_encoding=UTF8&psc=1&refRID=4PR8YHZC2A2NTN9S5S7V,B083L7W4SJ,"SWADESI STUFF Digital Boy's Watch (Multicolored Dial, Multicolored Strap)",,1,"2,036 ratings",2021-09-25 19:15:53.493213
https://www.amazon.in/Lorenz-Wallet-Wayfarer-Sunglasses-CM-1062SN-WL-BLK/dp/B07H7VD5XD/ref=zg_bs_2563504031_31?_encoding=UTF8&psc=1&refRID=4PR8YHZC2A2NTN9S5S7V,B07H7VD5XD,"Lorenz Combo of Black Watch, Wallet and Black Sunglasses for Men",,1,"1,013 ratings",2021-09-25 19:15:58.046753
https://www.amazon.in/Fastrack-Analog-Silver-Dial-Watch-3229SM03/dp/B081RMS4KM/ref=zg_bs_2563504031_32?_encoding=UTF8&psc=1&refRID=4PR8YHZC2A2NTN9S5S7V,B081RMS4KM,Fastrack Analog Silver men Watch 3229SM03 / 3229SM03,,1,336 ratings,2021-09-25 19:16:02.520483
https://www.amazon.in/SELLORIA-Digital-Silicone-Bracelet-Watches/dp/B0844GJT7Q/ref=zg_bs_2563504031_16?_encoding=UTF8&psc=1&refRID=4PR8YHZC2A2NTN9S5S7V,B0844GJT7Q,SELLORIA Digital Unisex-Child Watch (Black Dial) (Pack of 2),,1,"1,090 ratings",2021-09-25 19:16:07.333565
https://www.amazon.in/Redux-Analogue-Blue-Watch-RWS0216S/dp/B07KVZD6XM/ref=zg_bs_2563504031_7?_encoding=UTF8&psc=1&refRID=4PR8YHZC2A2NTN9S5S7V,B07KVZD6XM,Redux Analog Linear Designer Dial Men’s & Boy's Watch,,1,"13,482 ratings",2021-09-25 19:16:11.992727
https://www.amazon.in/WRIGHTRACK-Exclusive-Movement-Analogue-WT516/dp/B07MFJN3D7/ref=zg_bs_2563504031_47?_encoding=UTF8&psc=1&refRID=4PR8YHZC2A2NTN9S5S7V,B07MFJN3D7,WRIGHTRACK Analogue Men's Watch (White Dial Brown Colored Strap),₹395.00,1,"1,417 ratings",2021-09-25 19:16:16.301896
https://www.amazon.in/Swisstone-BRW385-BRWN-Brown-Leather-Strap/dp/B07H3489LV/ref=zg_bs_2563504031_42?_encoding=UTF8&psc=1&refRID=4PR8YHZC2A2NTN9S5S7V&smid=A2BURQ2IK0ITXD,B07H3489LV,SWISSTONE Analogue Men's Watch (Brown Dial Brown Colored Strap),,1,"3,496 ratings",2021-09-25 19:16:21.444075
https://www.amazon.in/Fastrack-Analog-Black-Unisex-Adult-Watch-38024PP25/dp/B099WNYHY2/ref=zg_bs_2563504031_13?_encoding=UTF8&psc=1&refRID=4PR8YHZC2A2NTN9S5S7V,B099WNYHY2,Fastrack Tees Analog Black Dial Unisex-Adult Watch-38024PP25,₹850.00,1,81 ratings,2021-09-25 19:16:26.033314
https://www.amazon.in/Acnos-Digital-Army-Leather-Watch/dp/B07ST44K87/ref=zg_bs_2563504031_34?_encoding=UTF8&psc=1&refRID=4PR8YHZC2A2NTN9S5S7V,B07ST44K87,Acnos Army Shockproof Waterproof Digital Sports Watch for Mens Kids Sports Watch for Boys - Military Army Watch for Men,₹310.00,1,797 ratings,2021-09-25 19:16:30.351517
https://www.amazon.in/Acnos-Brand-Shockproof-Multi-Functional-Waterproof/dp/B08YRTVTSK/ref=zg_bs_2563504031_40?_encoding=UTF8&psc=1&refRID=4PR8YHZC2A2NTN9S5S7V,B08YRTVTSK,Acnos Brand - A Digital Watch with Square LED Shockproof Multi-Functional Automatic 5 Color Army Strap Waterproof Digital Sports Watch for Men's Kids Watch for Boys - Watch for Men,₹399.00,1,437 ratings,2021-09-25 19:16:34.871803
https://www.amazon.in/Timewear-Analog-White-Dial-Watch/dp/B075GV66YV/ref=zg_bs_2563504031_5?_encoding=UTF8&psc=1&refRID=4PR8YHZC2A2NTN9S5S7V,B075GV66YV,TIMEWEAR Analog Two Hands Slim Watch for Men,,1,"5,601 ratings",2021-09-25 19:16:39.607225
https://www.amazon.in/Acnos-Casual-Analogue-Standard-Colored/dp/B08W2T1KVW/ref=zg_bs_2563504031_33?_encoding=UTF8&psc=1&refRID=4PR8YHZC2A2NTN9S5S7V,B08W2T1KVW,Acnos Brand - A Branded Watch 4 Different Dial Black-Blue-Pink-White Stainless Steel Silver Band with Silver braclet and Watch for Women Watch for Girls,₹325.00,1,442 ratings,2021-09-25 19:16:44.075660
https://www.amazon.in/V2A-Military-Digital-Multi-Function-Chronograph/dp/B07TVTVC8Z/ref=zg_bs_2563504031_39?_encoding=UTF8&psc=1&refRID=4PR8YHZC2A2NTN9S5S7V,B07TVTVC8Z,V2A Digital Men's & Boy's Watch (Black Dial Black Colored Strap),,1,"1,974 ratings",2021-09-25 19:16:48.741270
https://www.amazon.in/IIK-Collection-Stainless-Analoge-IIK-2052W-DND/dp/B07YC685FW/ref=zg_bs_2563504031_49?_encoding=UTF8&psc=1&refRID=4PR8YHZC2A2NTN9S5S7V,B07YC685FW,IIK Collection Round Dial Stainless Steel Bracelet Chain Analogue Day & Date Functioning Watch for Women and Girls,₹399.00,1,683 ratings,2021-09-25 19:16:53.677504
https://www.amazon.in/Mens-Watch-Black-Colored-Strap/dp/B08DFYSGDL/ref=zg_bs_2563504031_38?_encoding=UTF8&psc=1&refRID=4PR8YHZC2A2NTN9S5S7V,B08DFYSGDL,TIMEWEAR Analog Number Dial Leather Strap Watch for Men,,1,"4,478 ratings",2021-09-25 19:17:00.773038
https://www.amazon.in/Maxima-Smartwatch-Monitoring-Customized-Assistance/dp/B091TTTF8W/ref=zg_bs_2563504031_27?_encoding=UTF8&psc=1&refRID=4PR8YHZC2A2NTN9S5S7V,B091TTTF8W,"Maxima Max Pro Smartwatch with SpO2, Upto 15 Day Battery life, Full-touch Ultra Bright Display of Upto 380 Nits, 10+ Sports Mode, Continuous Heart Rate Monitoring & Unlimited Customized Watch Faces","₹2,999.00",1,851 ratings,2021-09-25 19:17:06.078830
https://www.amazon.in/Helix-Metalfit-smartwatch-feature-Activity/dp/B09CPLJKK7/ref=zg_bs_2563504031_2?_encoding=UTF8&psc=1&refRID=4PR8YHZC2A2NTN9S5S7V,B09CPLJKK7,"Helix Timex Metalfit SPO2 smartwatch with Full Metal Body and Touch to Wake Feature, HRM, Sleep & Activity Tracker, 10 Days Battery and Female Health Monitor",,1,1 rating,2021-09-25 19:17:12.201222
https://www.amazon.in/Sylvi-Business-Military-SY-3022-Analog-Digital/dp/B09FK823L6/ref=zg_bs_2563504031_9?_encoding=UTF8&psc=1&refRID=4PR8YHZC2A2NTN9S5S7V,B09FK823L6,Sylvi Business Watch Mens Luxury Brand LED Digital Watches Sports Military Brown SY-3022 Analog-Digital Watch - for Men,"₹1,049.00",1,154 ratings,2021-09-25 19:17:16.766393
https://www.amazon.in/RUSTET-Analogue-Digital-Multi-Function-Chronograph-Sports/dp/B0863NSCTX/ref=zg_bs_2563504031_23?_encoding=UTF8&psc=1&refRID=4PR8YHZC2A2NTN9S5S7V,B0863NSCTX,RUSTET Analogue - Digital Men's Watch (Black Dial Black Colored Strap - 1155),,1,418 ratings,2021-09-25 19:17:21.382002
https://www.amazon.in/Timex-Analog-Blue-Dial-Watch-TW00ZR262E/dp/B07H3K85H5/ref=zg_bs_2563504031_20?_encoding=UTF8&psc=1&refRID=4PR8YHZC2A2NTN9S5S7V,B07H3K85H5,Timex Analog Blue Dial Men's Watch-TW00ZR262E,,1,"5,439 ratings",2021-09-25 19:17:26.416299
https://www.amazon.in/Swisstyle-Anolog-Black-Dial-Watch-SS-GR06612-BLK-CH/dp/B078HLGKJW/ref=zg_bs_2563504031_35?_encoding=UTF8&psc=1&refRID=4PR8YHZC2A2NTN9S5S7V,B078HLGKJW,SWISSTYLE Analogue Men's Watch (Black Dial Black Colored Strap),,1,"2,533 ratings",2021-09-25 19:17:30.773734
