question,votes,tags
Why is processing a sorted array faster than processing an unsorted array?,25886,"['java', 'c++', 'performance', 'cpu-architecture', 'branch-prediction']"
Why is subtracting these two times (in 1927) giving a strange result?,7232,"['java', 'date', 'timezone']"
"Is Java ""pass-by-reference"" or ""pass-by-value""?",7212,"['java', 'methods', 'parameter-passing', 'pass-by-reference', 'pass-by-value']"
How do I read / convert an InputStream into a String in Java?,4407,"['java', 'string', 'io', 'stream', 'inputstream']"
Avoiding NullPointerException in Java,4240,"['java', 'nullpointerexception', 'null']"
What are the differences between a HashMap and a Hashtable in Java?,4040,"['java', 'collections', 'hashmap', 'hashtable']"
Create ArrayList from array,3857,"['java', 'arrays', 'arraylist', 'type-conversion']"
Proper use cases for Android UserManager.isUserAGoat()?,3827,"['java', 'android', 'usermanager']"
How do I generate random integers within a specific range in Java?,3803,"['java', 'random', 'integer']"
"Why don't Java's +=, -=, *=, /= compound assignment operators require casting?",3756,"['java', 'casting', 'operators', 'variable-assignment', 'assignment-operator']"
Why is char[] preferred over String for passwords?,3646,"['java', 'string', 'security', 'passwords', 'char']"
How do I efficiently iterate over each entry in a Java Map?,3634,"['java', 'dictionary', 'collections', 'iteration']"
Iterate through a HashMap [duplicate],3584,"['java', 'loops', 'hashmap', 'iteration']"
How can I create a memory leak in Java?,3490,"['java', 'memory', 'memory-leaks']"
"What is the difference between public, protected, package-private and private in Java?",3401,"['java', 'private', 'public', 'protected', 'access-modifiers']"
When to use LinkedList over ArrayList in Java?,3363,"['java', 'arraylist', 'collections', 'linked-list']"
How do I convert a String to an int in Java?,3274,"['java', 'string', 'int', 'type-conversion']"
What is a serialVersionUID and why should I use it?,3209,"['java', 'serialization', 'serialversionuid']"
Initialization of an ArrayList in one line,3014,"['java', 'collections', 'arraylist', 'initialization']"
"How do I test a private function or a class that has private methods, fields or inner classes?",2959,"['java', 'unit-testing', 'tdd']"
"Why is printing ""B"" dramatically slower than printing ""#""?",2868,"['java', 'performance', 'loops', 'for-loop', 'system.out']"
How can I create an executable JAR with dependencies using Maven?,2652,"['java', 'maven-2', 'build-process', 'build-automation', 'executable-jar']"
How can I fix 'android.os.NetworkOnMainThreadException'?,2575,"['java', 'android', 'android-networking', 'networkonmainthread']"
Does a finally block always get executed in Java?,2550,"['java', 'error-handling', 'return', 'try-catch-finally']"
How do I determine whether an array contains a particular value in Java?,2471,"['java', 'arrays']"
How do I call one constructor from another in Java?,2463,"['java', 'constructor']"
What is reflection and why is it useful?,2334,"['java', 'reflection', 'terminology']"
"What's the difference between @Component, @Repository & @Service annotations in Spring?",2322,"['java', 'spring', 'spring-mvc', 'annotations']"
How do I declare and initialize an array in Java?,2276,"['java', 'arrays']"
"""implements Runnable"" vs ""extends Thread"" in Java",2242,"['java', 'multithreading', 'runnable', 'implements', 'java-threads']"
How to get an enum value from a string value in Java,2177,"['java', 'enums']"
What's the simplest way to print a Java array?,2166,"['java', 'arrays', 'printing']"
How do you assert that a certain exception is thrown in JUnit 4 tests?,2134,"['java', 'exception', 'junit', 'junit4', 'assert']"
What is a JavaBean exactly?,2047,"['java', 'javabeans', 'serializable']"
How to use java.net.URLConnection to fire and handle HTTP requests,2033,"['java', 'http', 'httprequest', 'httpurlconnection', 'urlconnection']"
How do I break out of nested loops in Java?,1948,"['java', 'loops', 'nested-loops']"
Comparing Java enum members: == or equals()?,1918,"['java', 'enums']"
Java inner class and static nested class,1905,"['java', 'inner-classes', 'static-classes']"
Does Java support default parameter values?,1881,"['java', 'methods', 'parameters', 'overloading', 'default-parameters']"
How to generate a random alpha-numeric string,1867,"['java', 'string', 'random', 'alphanumeric']"
"Why does this code using random strings print ""hello world""?",1834,"['java', 'string', 'random']"
How to split a string in Java,1797,"['java', 'string', 'split']"
"Sort a Map<Key, Value> by values",1766,"['java', 'sorting', 'dictionary', 'collections']"
"How can I avoid Java code in JSP files, using JSP 2?",1730,"['java', 'jsp', 'scriptlet']"
Why use getters and setters/accessors?,1697,"['java', 'oop', 'setter', 'getter', 'abstraction']"
Difference between StringBuilder and StringBuffer,1657,"['java', 'stringbuilder', 'stringbuffer']"
How do I create a Java string from the contents of a file?,1647,"['java', 'string', 'file', 'file-io', 'io']"
How to fix java.lang.UnsupportedClassVersionError: Unsupported major.minor version,1641,"['java', 'jvm', 'incompatibility', 'unsupported-class-version']"
"What does ""Could not find or load main class"" mean?",1620,"['java', 'class', 'main']"
How can I convert a stack trace to a string?,1610,"['java', 'stack-trace', 'tostring']"
How does the Java 'for each' loop work?,1602,"['java', 'foreach', 'syntactic-sugar']"
Why does Java have transient fields?,1581,"['java', 'field', 'transient']"
Fastest way to determine if an integer's square root is an integer,1542,"['java', 'math', 'optimization', 'perfect-square']"
How can I concatenate two arrays in Java?,1487,"['java', 'arrays', 'concatenation', 'add']"
What exactly is Apache Camel?,1481,"['java', 'apache-camel', 'soa', 'enterprise-integration']"
Is null check needed before calling instanceof?,1466,"['java', 'nullpointerexception', 'null']"
How do I create a file and write to it?,1456,"['java', 'file-io']"
Why is executing Java code in comments with certain Unicode characters allowed?,1390,"['java', 'unicode', 'comments']"
How to add local jar files to a Maven project?,1379,"['java', 'maven', 'dependencies', 'libraries', 'mvn-repo']"
How to round a number to n decimal places in Java,1375,"['java', 'decimal', 'rounding', 'digits']"
How to directly initialize a HashMap (in a literal way)?,1356,"['java', 'dictionary', 'collections', 'initialization']"
'Must Override a Superclass Method' Errors after importing a project into Eclipse,1286,"['java', 'android', 'eclipse', 'overriding', 'superclass']"
Difference between wait() and sleep(),1277,"['java', 'multithreading', 'sleep', 'java-threads']"
"Iterating through a Collection, avoiding ConcurrentModificationException when removing objects in a loop",1257,"['java', 'collections', 'iteration']"
What are the -Xms and -Xmx parameters when starting JVM?,1240,"['java', 'memory-management', 'parameters', 'jvm']"
Sort ArrayList of custom Objects by property,1224,"['java', 'sorting', 'date', 'comparator']"
Android SDK installation doesn't find JDK,1222,"['java', 'android', 'sdk', 'windows-7-x64', 'jdk6']"
How to parse JSON in Java,1209,"['java', 'json', 'parsing']"
"How do servlets work? Instantiation, sessions, shared variables and multithreading",1201,"['java', 'multithreading', 'servlets', 'session-variables', 'instance-variables']"
How to get the current working directory in Java?,1201,"['java', 'java-io']"
Convert ArrayList<String> to String[] array [duplicate],1191,"['java', 'arrays', 'arraylist']"
How can I initialise a static Map?,1190,"['java', 'dictionary', 'collections', 'initialization', 'idioms']"
How to create a generic array in Java?,1172,"['java', 'arrays', 'generics', 'reflection', 'instantiation']"
How to install Java 8 on Mac,1170,"['java', 'macos', 'java-8', 'installation']"
What are the possible values of the Hibernate hbm2ddl.auto configuration and what do they do,1170,"['java', 'hibernate', 'hbm2ddl']"
"Can't execute jar- file: ""no main manifest attribute""",1165,"['java', 'jar', 'manifest', 'main']"
Which @NotNull Java annotation should I use?,1153,"['java', 'nullpointerexception', 'null', 'annotations', 'ide']"
Converting 'ArrayList<String> to 'String[]' in Java,1151,"['java', 'arrays', 'string', 'arraylist', 'collections']"
Converting array to list in Java,1136,"['java', 'arrays', 'list', 'data-conversion']"
How can I pad an integer with zeros on the left?,1126,"['java', 'formatting', 'zero-pad']"
"Download a file with Android, and showing the progress in a ProgressDialog",1096,"['java', 'android', 'download', 'android-asynctask']"
Including all the jars in a directory within the Java classpath,1092,"['java', 'command-line', 'classpath']"
How to mock void methods with Mockito,1072,"['java', 'unit-testing', 'mocking', 'mockito', 'void']"
"What is the difference between canonical name, simple name and class name in Java Class?",1072,['java']
What does 'synchronized' mean?,1056,"['java', 'multithreading', 'keyword', 'synchronized']"
How can I generate an MD5 hash in Java?,1053,"['java', 'hash', 'md5', 'hashcode']"
How to resolve java.lang.NoClassDefFoundError: javax/xml/bind/JAXBException,1048,"['java', 'jaxb', 'java-9', 'java-11', 'java-10']"
How can I get the current stack trace in Java?,1042,"['stack-trace', 'java']"
How to set or change the default Java (JDK) version on macOS?,1041,"['java', 'macos']"
Static Classes In Java,1034,"['java', 'static-classes']"
Why can't I use switch statement on a String?,1033,"['java', 'string', 'switch-statement']"
:: (double colon) operator in Java 8,1030,"['java', 'java-8']"
StringBuilder vs String concatenation in toString() in Java,1019,"['java', 'performance', 'string', 'concatenation', 'stringbuilder']"
"Difference between HashMap, LinkedHashMap and TreeMap",1015,"['java', 'map']"
Why doesn't RecyclerView have onItemClickListener()?,1013,"['java', 'android', 'android-recyclerview']"
What is the difference between JDK and JRE?,1008,['java']
Can't start Eclipse - Java was started but returned exit code=13,1005,"['java', 'android', 'windows', 'eclipse', '32bit-64bit']"
When to use static methods,1002,"['java', 'static-methods']"
"Java 8 List<V> into Map<K, V>",998,"['java', 'lambda', 'java-8', 'java-stream']"
Reading a plain text file in Java,997,"['java', 'file-io', 'ascii']"
How to check if a String is numeric in Java,974,"['java', 'string', 'numeric']"
Place cursor at the end of text in EditText,974,"['java', 'android', 'kotlin', 'android-edittext', 'keylistener']"
How to create RecyclerView with multiple view types,968,"['java', 'android', 'user-interface', 'android-recyclerview']"
What exactly is a Maven Snapshot and why do we need it?,958,"['java', 'maven', 'dependency-management']"
How to reference a method in javadoc?,956,"['java', 'hyperlink', 'javadoc']"
Java string to date conversion,955,"['java', 'string', 'date', 'time', 'data-conversion']"
Failed to load the JNI shared Library (JDK),947,"['java', 'windows', 'eclipse', 'java-native-interface']"
How do I time a method's execution in Java?,941,"['java', 'timing', 'execution-time']"
How do I convert a String to an InputStream in Java?,933,"['java', 'string', 'type-conversion', 'inputstream']"
When and how should I use a ThreadLocal variable?,931,"['java', 'multithreading', 'concurrency', 'thread-local', 'thread-confinement']"
What do 3 dots next to a parameter type mean in Java?,931,"['java', 'variadic-functions']"
How do I write a correct micro-benchmark in Java?,927,"['java', 'jvm', 'benchmarking', 'jvm-hotspot', 'microbenchmark']"
How to configure port for a Spring Boot application,925,"['java', 'spring', 'spring-boot', 'server', 'port']"
How can I read a large text file line by line using Java?,925,"['java', 'performance', 'file-io', 'io', 'garbage-collection']"
How to use Jackson to deserialise an array of objects,922,"['java', 'json', 'jackson']"
Convert InputStream to byte array in Java,921,"['java', 'bytearray', 'inputstream']"
Error:java: javacTask: source release 8 requires target release 1.8,921,"['java', 'intellij-idea', 'java-8']"
Difference between <? super T> and <? extends T> in Java [duplicate],918,"['java', 'generics', 'collections']"
How to convert a Java 8 Stream to an Array?,914,"['java', 'arrays', 'java-8', 'java-stream']"
How do I check if a file exists in Java?,911,"['java', 'file-io', 'io', 'file-exists']"
A 'for' loop to iterate over an enum in Java,905,"['java', 'loops', 'for-loop', 'enums']"
Java optional parameters,898,"['java', 'optional-parameters']"
Error java.lang.OutOfMemoryError: GC overhead limit exceeded,885,"['java', 'garbage-collection', 'out-of-memory', 'heap-memory']"
What is difference between CrudRepository and JpaRepository interfaces in Spring Data JPA?,884,"['java', 'spring', 'jpa', 'spring-data', 'spring-data-jpa']"
How do I join two lists in Java?,882,"['java', 'list', 'jdk1.5']"
Why is 2 * (i * i) faster than 2 * i * i in Java?,881,"['java', 'performance', 'benchmarking', 'bytecode', 'jit']"
How to convert a char to a String?,879,"['java', 'string', 'char', 'type-conversion']"
"Efficiency of Java ""Double Brace Initialization""?",868,"['java', 'performance', 'collections', 'initialization']"
Linking to an external URL in Javadoc?,863,"['java', 'url', 'javadoc', 'hyperlink']"
How do I copy an object in Java?,859,"['java', 'object', 'copy', 'clone']"
File to byte[] in Java,857,"['java', 'file-io']"
"What is the difference between JSF, Servlet and JSP?",856,"['java', 'jsp', 'jsf', 'servlets', 'jakarta-ee']"
What's the difference between SoftReference and WeakReference in Java?,854,"['java', 'reference', 'weak-references', 'soft-references']"
What is a daemon thread in Java?,854,"['java', 'multithreading']"
How to pass an object from one activity to another on Android,851,"['java', 'android', 'object', 'android-intent', 'android-activity']"
What is the Java equivalent for LINQ? [closed],851,"['java', 'linq']"
What's the difference between map() and flatMap() methods in Java 8?,850,"['java', 'java-8', 'java-stream']"
Unfortunately MyApp has stopped. How can I solve this?,842,"['java', 'android', 'debugging', 'kotlin']"
How to call a method after a delay in Android,841,"['java', 'android', 'handler', 'delay']"
Scanner is skipping nextLine() after using next() or nextFoo()?,838,"['java', 'io', 'java.util.scanner']"
How do I tell Maven to use the latest version of a dependency?,838,"['java', 'maven', 'dependencies', 'maven-2', 'maven-metadata']"
How to make a new List in Java,837,"['java', 'list', 'collections']"
What is an efficient way to implement a singleton pattern in Java? [closed],835,"['java', 'singleton', 'design-patterns']"
Access restriction on class due to restriction on required library rt.jar?,830,"['java', 'eclipse', 'wsdl', 'stub', 'wsdl2java']"
Correct way to add external jars (lib/*.jar) to an IntelliJ IDEA project,828,"['java', 'intellij-idea']"
Is List<Dog> a subclass of List<Animal>? Why are Java generics not implicitly polymorphic?,828,"['java', 'generics', 'inheritance', 'polymorphism']"
How to initialize HashSet values by construction?,824,"['java', 'collections', 'constructor', 'initialization', 'hashset']"
What is PECS (Producer Extends Consumer Super)?,823,"['java', 'generics', 'super', 'bounded-wildcard', 'pecs']"
How do I discover memory usage of my application in Android?,821,"['java', 'android', 'memory', 'memory-management']"
What is the equivalent of Java static methods in Kotlin?,818,"['java', 'kotlin', 'static']"
"Jackson with JSON: Unrecognized field, not marked as ignorable",809,"['java', 'json', 'data-binding', 'jackson']"
Where is Java Installed on Mac OS X?,799,"['java', 'macos']"
How do I get a class instance of generic type T?,782,"['java', 'generics']"
How to convert an Array to a Set in Java,781,"['java', 'collections', 'arrays', 'set']"
Java URL encoding of query string parameters,779,"['java', 'http', 'url', 'encoding', 'urlencode']"
Making a mocked method return an argument that was passed to it,778,"['java', 'mockito']"
Implements vs extends: When to use? What's the difference?,773,"['java', 'inheritance', 'interface', 'extends', 'implements']"
"Why does array[idx++]+=""a"" increase idx once in Java 8 but twice in Java 9 and 10?",773,"['java', 'java-8', 'javac', 'java-9', 'java-10']"
How to get the current date/time in Java [duplicate],772,"['java', 'datetime']"
Can I catch multiple Java exceptions in the same catch clause?,769,"['java', 'exception', 'try-catch', 'multi-catch']"
"Dealing with ""Xerces hell"" in Java/Maven?",768,"['java', 'maven', 'classloader', 'dependency-management', 'xerces']"
Differences between Oracle JDK and OpenJDK,764,"['java', 'difference']"
How do I convert from int to String?,759,"['java', 'string', 'type-conversion']"
"SLF4J: Failed to load class ""org.slf4j.impl.StaticLoggerBinder""",759,"['java', 'websphere', 'slf4j']"
How to tell Jackson to ignore a field during serialization if its value is null?,757,"['java', 'jackson']"
Removing whitespace from strings in Java,754,"['java', 'whitespace']"
How do I save a String to a text file using Java?,752,"['java', 'file', 'file-io', 'text-files']"
How to verify that a specific method was not called using Mockito?,747,"['java', 'tdd', 'mockito']"
How to convert a Map to List in Java?,745,"['java', 'list', 'collections', 'map']"
decompiling DEX into Java sourcecode,745,"['java', 'android', 'reverse-engineering', 'decompiler', 'dex']"
What is the difference between @Inject and @Autowired in Spring Framework? Which one to use under what condition?,745,"['java', 'spring', 'dependency-injection', 'autowired', 'inject']"
How to read all files in a folder from Java?,744,"['java', 'file', 'io', 'directory']"
Converting ISO 8601-compliant String to java.util.Date,742,"['java', 'date', 'iso8601']"
"How to fix the Hibernate ""object references an unsaved transient instance - save the transient instance before flushing"" error",735,"['java', 'hibernate', 'jpa', 'orm', 'entity']"
Understanding checked vs unchecked exceptions in Java,735,"['java', 'exception', 'runtimeexception', 'checked-exceptions', 'unchecked-exception']"
What is a raw type and why shouldn't we use it?,733,"['java', 'generics', 'raw-types']"
What is the volatile keyword useful for?,729,"['java', 'multithreading', 'keyword', 'volatile']"
How to convert a byte array to a hex string in Java?,728,"['java', 'bytearray', 'hex']"
"What is a stack trace, and how can I use it to debug my application errors?",727,"['java', 'debugging', 'stack-trace']"
How do I invoke a Java method when given the method name as a string?,726,"['java', 'reflection', 'invoke']"
How to get the current time in YYYY-MM-DD HH:MI:Sec.Millisecond format in Java?,725,"['java', 'date']"
How do I compare strings in Java?,724,"['java', 'string', 'equality']"
How to append text to an existing file in Java?,723,"['java', 'file-io', 'io', 'text-files']"
How to filter a Java Collection (based on predicate)?,720,"['java', 'collections', 'filter']"
Can I add jars to Maven 2 build classpath without installing them?,718,"['java', 'maven-2']"
Difference between <context:annotation-config> and <context:component-scan>,712,"['java', 'spring', 'configuration', 'annotations', 'spring-3']"
Using context in a fragment,712,"['java', 'android', 'android-fragments', 'android-context']"
Why is Java Vector (and Stack) class considered obsolete or deprecated?,712,"['java', 'vector', 'stack', 'deprecated', 'obsolete']"
IntelliJ: Never use wildcard imports,705,"['java', 'intellij-idea', 'settings']"
No compiler is provided in this environment. Perhaps you are running on a JRE rather than a JDK?,704,"['java', 'eclipse', 'maven', 'java-7', 'm2eclipse']"
How to upload files to server using JSP/Servlet?,704,"['java', 'jsp', 'jakarta-ee', 'servlets', 'file-upload']"
"How to update a value, given a key in a hashmap?",703,"['java', 'key', 'hashmap']"
What is the difference between == and equals() in Java?,702,"['java', 'identity', 'equality', 'object-comparison']"
How to add local .jar file dependency to build.gradle file?,698,"['java', 'gradle', 'dependency-management', 'build.gradle', 'gradle-eclipse']"
"What is the equivalent of the C++ Pair<L,R> in Java?",697,"['java', 'tuples', 'std-pair']"
How to check internet access on Android? InetAddress never times out,690,"['java', 'android', 'android-asynctask', 'android-networking']"
How can I clear or empty a StringBuilder? [duplicate],690,"['java', 'stringbuilder']"
Simple way to repeat a string,688,"['java', 'string']"
How to get the last value of an ArrayList,686,"['java', 'arraylist']"
Easiest way to convert a List to a Set in Java,684,"['java', 'collections']"
How can I turn a List of Lists into a List in Java 8?,684,"['java', 'collections', 'java-8']"
Can an abstract class have a constructor?,682,"['java', 'constructor', 'abstract-class']"
Set ImageView width and height programmatically?,681,"['java', 'android', 'android-emulator', 'android-widget']"
What's the difference between JPA and Hibernate? [closed],680,"['java', 'hibernate', 'jpa', 'jakarta-ee', 'orm']"
Sending Email in Android using JavaMail API without using the default/built-in app,679,"['java', 'android', 'email', 'android-intent', 'jakarta-mail']"
"IntelliJ inspection gives ""Cannot resolve symbol"" but still compiles code",678,"['java', 'maven', 'intellij-idea', 'intellij-inspections']"
Why is my Spring @Autowired field null?,677,"['java', 'spring', 'null', 'nullpointerexception', 'autowired']"
Ignoring new fields on JSON objects using Jackson [duplicate],675,"['java', 'json', 'jackson']"
Why are static variables considered evil?,674,"['java', 'static']"
Examples of GoF Design Patterns in Java's core libraries,672,"['oop', 'design-patterns', 'java']"
How to convert List<Integer> to int[] in Java? [duplicate],669,"['java', 'arrays', 'collections']"
Any way to declare an array in-line?,668,"['java', 'arrays']"
Java: convert List<String> to a join()d String,662,"['java', 'string', 'list']"
"What does the Java assert keyword do, and when should it be used?",661,"['java', 'assertions']"
IntelliJ show JavaDocs tooltip on mouse over,659,"['java', 'eclipse', 'ide', 'intellij-idea']"
Why do this() and super() have to be the first statement in a constructor?,658,"['java', 'constructor']"
How do I address unchecked cast warnings?,656,"['java', 'generics', 'warnings']"
Unsupported major.minor version 52.0 [duplicate],652,"['java', 'applet', 'version', 'unsupported-class-version']"
How do I make the method return type generic?,647,"['java', 'generics', 'return-value']"
"In Java, what is the best way to determine the size of an object?",646,"['java', 'memory']"
Calling remove in foreach loop in Java [duplicate],643,"['java', 'loops', 'iterator', 'foreach']"
What exactly is Spring Framework for? [closed],643,"['java', 'spring', 'frameworks']"
RecyclerView onClick,641,"['java', 'android', 'android-recyclerview', 'onclick', 'onclicklistener']"
"Difference between DTO, VO, POJO, JavaBeans?",639,"['java', 'terminology', 'javabeans', 'dto', 'pojo']"
Difference between FetchType LAZY and EAGER in Java Persistence API?,637,"['java', 'hibernate', 'jpa', 'orm', 'java-persistence-api']"
How do I parse command line arguments in Java?,636,"['java', 'command-line', 'command-line-arguments']"
"What is the point of ""final class"" in Java?",636,"['java', 'final']"
How can I convert byte size into a human-readable format in Java?,634,"['java', 'formatting', 'apache-commons']"
Ways to iterate over a list in Java,634,"['java', 'loops', 'collections', 'iteration']"
Eclipse/Java code completion not working,632,"['java', 'eclipse', 'ide']"
Downloading Java JDK on Linux via wget is shown license page instead,631,"['java', 'linux', 'installation', 'wget']"
Why can't static methods be abstract in Java?,629,"['java', 'abstract-class', 'static-methods']"
What's the difference between ConcurrentHashMap and Collections.synchronizedMap(Map)?,629,"['java', 'dictionary', 'concurrency']"
Why there is no ConcurrentHashSet against ConcurrentHashMap,627,"['java', 'collections', 'concurrency', 'hashmap', 'hashset']"
java.util.Date to XMLGregorianCalendar,626,"['java', 'xml', 'date', 'xmlgregoriancalendar']"
How can I increment a date by one day in Java?,625,"['java', 'date']"
Is there a destructor for Java?,625,"['java', 'garbage-collection', 'destructor']"
Is it possible to use Java 8 for Android development?,624,"['java', 'android', 'java-8', 'android-gradle-plugin']"
Get an OutputStream into a String,621,"['java', 'string', 'io', 'stream']"
Convert list to array in Java [duplicate],618,"['java', 'arrays', 'list', 'arraylist']"
What issues should be considered when overriding equals and hashCode in Java?,617,"['java', 'overriding', 'equals', 'hashcode']"
What are the best use cases for Akka framework [closed],617,"['java', 'scala', 'asynchronous', 'use-case', 'akka']"
Create instance of generic type in Java?,617,"['java', 'generics']"
"""PKIX path building failed"" and ""unable to find valid certification path to requested target""",616,"['java', 'ssl-certificate', 'httpurlconnection']"
Update Eclipse with Android development tools v. 23,615,"['java', 'android', 'eclipse', 'adt']"
Can we instantiate an abstract class?,613,"['java', 'oop', 'class', 'object', 'abstract']"
Clearing coverage highlighting in Eclipse,611,"['java', 'eclipse', 'code-coverage', 'cobertura', 'emma']"
How to build jars from IntelliJ properly?,609,"['java', 'intellij-idea', 'jar', 'build-process']"
How to get the path of a running JAR file?,609,"['java', 'path', 'jar', 'executable-jar']"
Should I always use a parallel stream when possible?,607,"['java', 'parallel-processing', 'java-8', 'java-stream']"
"What's the difference between getPath(), getAbsolutePath(), and getCanonicalPath() in Java?",607,['java']
Android changing Floating Action Button color,606,"['java', 'android', 'android-5.0-lollipop', 'floating-action-button']"
"How to convert Milliseconds to ""X mins, x seconds"" in Java?",605,"['java', 'time']"
"When to use: Java 8+ interface default method, vs. abstract method",604,"['java', 'interface', 'java-8', 'abstract-class', 'default-method']"
Run a single test method with maven,602,"['java', 'maven', 'unit-testing', 'maven-2', 'maven-3']"
Why am I getting a NoClassDefFoundError in Java?,599,"['java', 'noclassdeffounderror']"
Type List vs type ArrayList in Java [duplicate],599,"['java', 'list', 'interface', 'decoupling']"
Uncatchable ChuckNorrisException,599,"['java', 'exception', 'exception-handling', 'aop']"
.war vs .ear file,596,"['java', 'jakarta-ee', 'deployment']"
How do I count the number of occurrences of a char in a String?,594,"['java', 'string']"
Check if at least two out of three booleans are true,594,"['java', 'boolean', 'boolean-logic']"
How to convert comma-separated String to List?,594,"['java', 'string', 'collections', 'split']"
How can I tell if I'm running in 64-bit JVM or 32-bit JVM (from within a program)?,589,"['java', 'jvm', 'java-native-interface', '64-bit', '32-bit']"
Can you find all classes in a package using reflection?,589,"['java', 'reflection', 'packages']"
Difference between @Mock and @InjectMocks,585,"['java', 'unit-testing', 'mocking', 'mockito']"
Find first element by predicate,585,"['java', 'java-8', 'java-stream']"
How do I programmatically determine operating system in Java?,583,"['java', 'operating-system']"
Why does Math.round(0.49999999999999994) return 1?,583,"['java', 'floating-point', 'double', 'rounding']"
When should I use File.separator and when File.pathSeparator?,581,"['java', 'file', 'path-separator']"
Is there anything like .NET's NotImplementedException in Java?,579,"['java', '.net', 'exception']"
Get generic type of class at runtime,577,"['java', 'generics', 'reflection']"
Spring: @Component versus @Bean,576,"['java', 'spring', 'annotations', 'autowired']"
Where is JAVA_HOME on macOS Mojave (10.14) to Lion (10.7)?,575,"['java', 'macos']"
How to install the JDK on Ubuntu Linux,573,"['java', 'ubuntu']"
Can enums be subclassed to add new elements?,573,"['java', 'enums']"
View's getWidth() and getHeight() returns 0,572,"['java', 'android', 'android-layout', 'getter']"
How to split a string with any whitespace chars as delimiters,572,"['java', 'string', 'whitespace', 'split']"
How to convert Java String into byte[]?,570,"['java', 'arrays', 'string']"
When would you use the Builder Pattern? [closed],569,"['java', 'design-patterns', 'builder']"
JPA JoinColumn vs mappedBy,569,"['java', 'hibernate', 'jpa', 'orm']"
Why is there no SortedList in Java?,569,"['java', 'sorting', 'collections']"
Multiple line code example in Javadoc comment,568,"['java', 'html', 'javadoc']"
Why doesn't Java allow overriding of static methods?,565,"['java', 'static', 'overriding', 'static-methods']"
How do I get a platform-dependent new line character?,564,"['java', 'cross-platform', 'newline', 'eol']"
Eclipse: Set maximum line length for auto formatting?,564,"['java', 'eclipse', 'formatting', 'ide']"
IllegalArgumentException or NullPointerException for a null parameter? [closed],563,"['java', 'exception', 'null', 'nullpointerexception', 'illegalargumentexception']"
"ArithmeticException: ""Non-terminating decimal expansion; no exact representable decimal result""",562,"['java', 'bigdecimal', 'arithmeticexception']"
How to call a SOAP web service on Android [closed],562,"['java', 'android', 'web-services', 'soap', 'wsdl']"
How to nicely format floating numbers to string without unnecessary decimal 0's,560,"['java', 'string', 'floating-point', 'format', 'double']"
Does anyone have benchmarks (code & results) comparing performance of Android apps written in Xamarin C# and Java? [closed],559,"['c#', 'java', 'android', 'xamarin', 'dot42']"
How to determine an object's class?,558,"['java', 'inheritance']"
Does Java have support for multiline strings?,558,"['java', 'string', 'multiline']"
Convert Set to List without creating new List,557,"['java', 'performance', 'list', 'set']"
String.equals versus == [duplicate],556,"['java', 'string']"
Where does the @Transactional annotation belong?,556,"['java', 'spring', 'annotations', 'transactions', 'dao']"
"How do I ""decompile"" Java class files? [closed]",556,"['java', 'decompiler']"
How does autowiring work in Spring?,554,"['java', 'spring', 'spring-mvc', 'ioc-container', 'autowired']"
How to remove the last character from a string?,550,"['java', 'string']"
Convert java.util.Date to java.time.LocalDate,550,"['java', 'datetime', 'java-8', 'java-time']"
How to make an Android device vibrate? with different frequency?,549,"['java', 'android', 'kotlin', 'vibration', 'android-vibration']"
Error - trustAnchors parameter must be non-empty,548,"['java', 'hudson', 'jakarta-mail', 'jenkins']"
Java 8 Distinct by property,548,"['java', 'collections', 'java-8', 'java-stream', 'distinct-values']"
How to for each the hashmap? [duplicate],547,['java']
Why do I get an UnsupportedOperationException when trying to remove an element from a List?,547,"['java', 'exception', 'list', 'arraylist']"
"In Java, how do I check if a string contains a substring (ignoring case)? [duplicate]",547,"['java', 'string', 'substring']"
Converting between java.time.LocalDateTime and java.util.Date,547,"['java', 'datetime', 'java-8', 'java-time']"
The Use of Multiple JFrames: Good or Bad Practice? [closed],546,"['java', 'swing', 'user-interface', 'jframe']"
What are enums and why are they useful?,545,"['java', 'enums']"
How do I remove repeated elements from ArrayList?,544,"['java', 'list', 'collections', 'arraylist', 'duplicates']"
Round a double to 2 decimal places [duplicate],544,"['java', 'double', 'rounding']"
Getting a File's MD5 Checksum in Java,542,"['java', 'md5', 'checksum']"
Java 8 Lambda function that throws exception?,541,"['java', 'lambda', 'java-8']"
"Where to get ""UTF-8"" string literal in Java?",539,['java']
How do I get the file extension of a file in Java?,538,"['java', 'file', 'io']"
Add leading zeroes to number in Java? [duplicate],537,['java']
Hibernate throws MultipleBagFetchException - cannot simultaneously fetch multiple bags,536,"['java', 'hibernate', 'jpa', 'one-to-many', 'bag']"
Why can't I define a static method in a Java interface?,535,"['java', 'interface', 'static-methods']"
Java Class that implements Map and keeps insertion order?,534,"['java', 'dictionary', 'key-value']"
"String concatenation: concat() vs ""+"" operator",534,"['java', 'string', 'concatenation']"
How can I convert my Java program to an .exe file?,534,"['java', 'installation', 'exe']"
How to convert an Iterator to a Stream?,533,"['java', 'iterator', 'java-8']"
How can I get the current date and time in UTC or GMT in Java?,531,"['java', 'date', 'localization', 'timezone', 'gmt']"
java.util.Date vs java.sql.Date,531,"['java', 'sql', 'datetime', 'date', 'jdbc']"
The difference between the Runnable and Callable interfaces in Java,530,"['java', 'multithreading', 'interface', 'runnable', 'callable']"
What are the effects of exceptions on performance in Java?,530,"['java', 'performance', 'exception']"
Why does Java's hashCode() in String use 31 as a multiplier?,530,"['java', 'string', 'algorithm', 'hash']"
How to preserve insertion order in HashMap? [duplicate],529,"['java', 'hashmap']"
Reverse a string in Java,528,"['java', 'string']"
What is this date format? 2011-08-12T20:17:46.384Z,527,"['java', 'date', 'time', 'format', 'simpledateformat']"
Why is the Java main method static?,522,"['java', 'static', 'main']"
How to implement a tree data-structure in Java?,522,"['java', 'data-structures', 'tree']"
Should a retrieval method return 'null' or throw an exception when it can't produce the return value? [closed],521,"['java', 'exception', 'error-handling', 'null']"
Seeking useful Eclipse Java code templates [closed],519,"['java', 'eclipse', 'templates', 'ide', 'code-generation']"
Getting random numbers in Java [duplicate],518,"['java', 'random']"
How to read the value of a private field from a different class in Java?,518,"['java', 'class', 'reflection', 'field', 'private']"
Check whether a string is not null and not empty,517,"['java', 'string', 'string-comparison']"
Change private static final field using Java reflection,517,"['java', 'reflection', 'static', 'private', 'final']"
A quick and easy way to join array elements with a separator (the opposite of split) in Java [duplicate],516,"['java', 'arrays', 'string']"
Java equivalent to #region in C#,516,"['java', 'c#', 'eclipse', 'folding']"
Safely casting long to int in Java,516,"['java', 'casting']"
What is the native keyword in Java for?,514,"['java', 'java-native-interface', 'native', 'keyword']"
Why should Java 8's Optional not be used in arguments,514,"['java', 'java-8', 'optional']"
"How does the ""final"" keyword in Java work? (I can still modify an object.)",513,"['java', 'final']"
How should I have explained the difference between an Interface and an Abstract class?,513,"['java', 'oop', 'inheritance', 'interface', 'abstract-class']"
How to launch an Activity from another Application in Android,512,"['java', 'android', 'kotlin', 'android-intent']"
Java 8 Iterable.forEach() vs foreach loop,512,"['java', 'for-loop', 'java-8', 'java-stream']"
Resolving javax.net.ssl.SSLHandshakeException: sun.security.validator.ValidatorException: PKIX path building failed Error?,512,"['java', 'ssl', 'https']"
Decode Base64 data in Java,510,"['java', 'base64']"
How to turn off the Eclipse code formatter for certain sections of Java code?,510,"['java', 'eclipse', 'code-formatting', 'pretty-print', 'eclipse-formatter']"
Difference between jar and war in Java,509,"['java', 'jar', 'war']"
How to escape % in String.Format?,507,"['java', 'android', 'string', 'syntax']"
Hashset vs Treeset,507,"['java', 'hashset', 'treeset']"
Can Mockito capture arguments of a method called multiple times?,507,"['java', 'unit-testing', 'mocking', 'mockito']"
How to programmatically set drawableLeft on Android button?,506,"['java', 'android', 'android-layout', 'android-2.2-froyo']"
MVC pattern on Android,505,"['java', 'android', 'design-patterns', 'model-view-controller']"
Use Mockito to mock some methods but not others,503,"['java', 'mocking', 'mockito']"
"Spring @Transactional - isolation, propagation",502,"['java', 'spring', 'transactional', 'isolation', 'propagation']"
Why does this go into an infinite loop?,502,"['java', 'loops', 'operators', 'variable-assignment', 'increment']"
Getting the name of the currently executing method,499,"['java', 'reflection', 'methods']"
How to see JavaDoc in IntelliJ IDEA? [duplicate],498,"['java', 'intellij-idea', 'ide', 'javadoc']"
When do you use Java's @Override annotation and why?,498,"['java', 'annotations']"
How to check certificate name and alias in keystore files?,497,"['java', 'android', 'keystore']"
IDEA: javac: source release 1.7 requires target release 1.7,497,"['java', 'intellij-idea']"
How to implement REST token-based authentication with JAX-RS and Jersey,494,"['java', 'rest', 'authentication', 'jax-rs', 'jersey-2.0']"
Java Hashmap: How to get key from value?,494,"['java', 'hashmap']"
Should I avoid the use of set(Preferred|Maximum|Minimum)Size methods in Java Swing?,494,"['java', 'swing', 'layout-manager']"
Why is using a wild card with a Java import statement bad?,493,"['java', 'import', 'wildcard']"
The case against checked exceptions,490,"['java', 'exception', 'checked-exceptions']"
Possible heap pollution via varargs parameter,488,"['java', 'eclipse', 'generics', 'variadic-functions']"
How to convert jsonString to JSONObject in Java,486,"['java', 'arrays', 'json', 'parsing']"
Infinite Recursion with Jackson JSON and Hibernate JPA issue,485,"['java', 'json', 'orm', 'spring-mvc', 'jackson']"
What is a StackOverflowError?,485,"['java', 'exception', 'memory-leaks', 'out-of-memory', 'stack-overflow']"
Different between parseInt() and valueOf() in java?,484,['java']
Remove last character of a StringBuilder?,483,"['java', 'stringbuilder']"
What is the difference between instanceof and Class.isAssignableFrom(...)?,483,"['java', 'instanceof', 'reflection']"
Change date format in a Java string,482,"['java', 'string', 'date', 'formatting', 'date-format']"
How to unit test abstract classes: extend with stubs?,481,"['java', 'unit-testing', 'testing', 'abstract-class']"
How to convert java.util.Date to java.sql.Date?,480,"['java', 'sql', 'datetime', 'date']"
"How to deal with ""java.lang.OutOfMemoryError: Java heap space"" error?",480,"['java', 'jvm', 'out-of-memory', 'heap-memory']"
"""Invalid signature file"" when attempting to run a .jar",479,"['java', 'jar', 'executable-jar']"
Easy way to write contents of a Java InputStream to an OutputStream,478,"['java', 'io', 'stream']"
Mockito test a void method throws an exception,477,"['java', 'exception', 'mocking', 'mockito']"
Google Gson - deserialize list<class> object? (generic type),474,"['java', 'json', 'generics', 'gson']"
Maven does not find JUnit tests to run,474,"['java', 'maven', 'junit']"
"What is SuppressWarnings (""unchecked"") in Java?",473,"['java', 'generics', 'unchecked', 'suppress-warnings']"
How is the default max Java heap size determined?,472,"['java', 'heap-memory']"
How to pass a function as a parameter in Java? [duplicate],472,['java']
Convert Iterable to Stream using Java 8 JDK,472,"['java', 'java-8', 'java-stream', 'iterable']"
What is the point of the diamond operator (<>) in Java?,472,"['java', 'generics', 'java-7', 'diamond-operator']"
How to convert a Kotlin source file to a Java source file,472,"['java', 'kotlin', 'code-conversion']"
Calculating the difference between two Java date instances,471,"['java', 'date', 'time', 'timedelta', 'java.util.date']"
How to pretty print XML from Java?,471,"['java', 'xml', 'pretty-print']"
"Difference between @Before, @BeforeClass, @BeforeEach and @BeforeAll",471,"['java', 'junit', 'annotations', 'junit4', 'junit5']"
How do I make a delay in Java?,470,"['java', 'wait', 'sleep', 'thread-sleep']"
Why are you not able to declare a class as static in Java?,470,"['java', 'static-class']"
How can I pad a String in Java?,469,"['java', 'string', 'padding']"
Retrieving a List from a java.util.stream.Stream in Java 8,469,"['java', 'lambda', 'collections', 'java-8', 'java-stream']"
How to convert int[] into List<Integer> in Java?,467,"['java', 'arrays', 'collections', 'boxing', 'autoboxing']"
What is the difference between Set and List?,466,"['java', 'list', 'set']"
"Best way to ""negate"" an instanceof",465,"['java', 'syntax']"
Java - Convert integer to string [duplicate],464,"['java', 'string', 'numbers', 'int']"
How to change font size in Eclipse for Java text editors?,463,"['java', 'eclipse', 'fonts', 'font-size']"
How to initialize an array in Java?,462,"['java', 'arrays', 'initialization']"
"What does the ""static"" modifier after ""import"" mean?",461,"['java', 'modifier', 'static-import']"
Easy way to convert Iterable to Collection,459,"['java', 'collections', 'spring-data', 'iterable']"
How to initialize List<String> object in Java?,458,"['java', 'list']"
How to detect a loop in a linked list?,458,"['java', 'algorithm', 'data-structures', 'linked-list']"
"What does a ""Cannot find symbol"" or ""Cannot resolve symbol"" error mean?",458,"['java', 'compiler-errors', 'cannot-find-symbol']"
Is it safe to use Project Lombok? [closed],457,"['java', 'lombok']"
What does the 'static' keyword do in a class?,457,"['java', 'static', 'oop', 'language-features', 'restriction']"
Get source JARs from Maven repository,457,"['java', 'maven', 'mvn-repo']"
Why do I need to override the equals and hashCode methods in Java?,456,"['java', 'equals', 'hashcode']"
"JsonMappingException: No suitable constructor found for type [simple type, class ]: can not instantiate from JSON object",456,"['java', 'json', 'spring', 'annotations', 'jackson']"
Syntax for creating a two-dimensional array in Java,456,"['java', 'multidimensional-array']"
Maven Modules + Building a Single Specific Module,454,"['java', 'maven-2', 'build-process']"
Is there a concise way to iterate over a stream with indices in Java 8?,454,"['java', 'java-8', 'java-stream']"
Remove HTML tags from a String,453,"['java', 'html', 'regex', 'parsing']"
Should we @Override an interface's method implementation?,453,"['java', 'oop', 'interface', 'annotations']"
"What is the difference between Tomcat, JBoss and Glassfish?",452,"['java', 'tomcat', 'jboss', 'glassfish', 'enterprise']"
How to extract a substring using regex,451,"['java', 'regex', 'string', 'text-extraction']"
How to download and save a file from Internet using Java?,450,"['java', 'download']"
Check orientation on Android phone,449,"['java', 'android', 'orientation']"
Generating all permutations of a given string,449,"['java', 'algorithm']"
What should I set JAVA_HOME environment variable on macOS X 10.6?,449,"['java', 'macos', 'configuration']"
Rethrowing exceptions in Java without losing the stack trace,449,"['java', 'exception']"
Most efficient way to increment a Map value in Java,448,"['java', 'optimization', 'collections']"
Finding Number of Cores in Java,447,['java']
Using Enum values as String literals,446,"['java', 'string', 'enums']"
How to capitalize the first character of each word in a string,446,"['java', 'string', 'uppercase', 'lowercase', 'capitalization']"
CharSequence VS String in Java?,446,"['java', 'string', 'charsequence']"
Why doesn't Java offer operator overloading?,445,"['java', 'operator-overloading']"
How to run test methods in specific order in JUnit4?,445,"['java', 'unit-testing', 'junit', 'junit4']"
How to print a query string with parameter values when using Hibernate,444,"['java', 'sql', 'hibernate', 'orm']"
How to generate UML diagrams (especially sequence diagrams) from Java code?,444,"['java', 'uml', 'reverse-engineering', 'diagram']"
MySQL JDBC Driver 5.1.33 - Time Zone Issue,441,"['java', 'mysql', 'tomcat', 'jdbc', 'timezone']"
"The superclass ""javax.servlet.http.HttpServlet"" was not found on the Java Build Path [duplicate]",441,"['java', 'eclipse', 'jsp', 'maven', 'web']"
Mocking static methods with Mockito,441,"['java', 'unit-testing', 'static', 'mocking', 'mockito']"
How to convert String to long in Java?,440,"['java', 'string']"
How to configure encoding in Maven?,440,"['java', 'maven', 'encoding', 'maven-2', 'maven-3']"
Why doesn't JUnit provide assertNotEquals methods?,440,"['java', 'junit', 'assert']"
Is it possible to declare a variable in Gradle usable in Java?,439,"['java', 'android', 'gradle', 'android-gradle-plugin']"
Custom thread pool in Java 8 parallel stream,439,"['java', 'concurrency', 'parallel-processing', 'java-8', 'java-stream']"
Initialize class fields in constructor or at declaration?,439,['java']
How to create a directory in Java?,437,"['java', 'directory']"
Create the perfect JPA entity [closed],437,"['java', 'hibernate', 'jpa', 'equals']"
Gson: How to exclude specific fields from Serialization without annotations,436,"['java', 'json', 'serialization', 'gson']"
What in the world are Spring beans?,436,"['java', 'spring', 'grails']"
How to set java_home on Windows 7?,435,"['java', 'windows-7', 'java-home', 'system-variable']"
"Change Name of Import in Java, or import two classes with the same name",435,"['java', 'import']"
Java int to String - Integer.toString(i) vs new Integer(i).toString(),435,"['java', 'string', 'int']"
Room - Schema export directory is not provided to the annotation processor so we cannot export the schema,434,"['java', 'android', 'database', 'android-room']"
"Java string split with ""."" (dot) [duplicate]",434,"['java', 'regex', 'string', 'split', 'indexoutofboundsexception']"
What is the convention for word separator in Java package names?,434,"['java', 'naming-conventions', 'package']"
How to check if current thread is not main thread,431,"['java', 'android', 'multithreading']"
Way to get number of digits in an int?,431,"['java', 'integer']"
Convert java.util.Date to String,430,"['java', 'date', 'formatting', 'java.util.date']"
How to sum a list of integers with java streams?,429,"['java', 'java-8', 'java-stream']"
Java Security: Illegal key size or default parameters?,428,['java']
How to log SQL statements in Spring Boot?,427,"['java', 'spring', 'hibernate', 'spring-boot', 'logging']"
How to respond with HTTP 400 error in a Spring MVC @ResponseBody method returning String?,427,"['java', 'spring', 'spring-mvc', 'http-error']"
How to convert a char array back to a string?,427,"['java', 'arrays', 'string', 'char']"
How to check if a String contains another String in a case insensitive manner in Java?,426,"['java', 'string']"
IntelliJ - Convert a Java project/module into a Maven project/module,426,"['java', 'maven', 'intellij-idea', 'pom.xml']"
Replace a character at a specific index in a string?,426,"['java', 'string', 'replace', 'indexing', 'character']"
Why is (a*b != 0) faster than (a != 0 && b != 0) in Java?,426,"['java', 'performance', 'processing-efficiency', 'microbenchmark', 'branch-prediction']"
Split Java String by New Line,425,"['java', 'regex', 'split', 'newline']"
Getting the filenames of all files in a folder [duplicate],425,"['java', 'file', 'directory', 'filenames']"
What are the reasons why Map.get(Object key) is not (fully) generic,425,"['java', 'generics', 'collections', 'map']"
Maven package/install without test (skip tests),424,"['java', 'maven']"
Standard concise way to copy a file in Java?,424,"['java', 'file', 'copy']"
How to send HTTP request in java? [duplicate],424,"['java', 'html', 'http', 'httpwebrequest']"
NullPointerException in Collectors.toMap with null entry values,424,"['java', 'nullpointerexception', 'java-stream', 'collectors']"
No appenders could be found for logger(log4j)?,423,"['java', 'eclipse', 'log4j']"
Difference between >>> and >>,423,"['java', 'syntax', 'operators']"
How to solve the “failed to lazily initialize a collection of role” Hibernate exception,422,"['java', 'spring', 'hibernate', 'jsp', 'spring-mvc']"
javax vs java package,422,['java']
Launching Google Maps Directions via an intent on Android,420,"['java', 'android', 'google-maps', 'android-intent']"
"How to wait for all threads to finish, using ExecutorService?",420,"['java', 'multithreading', 'concurrency', 'parallel-processing', 'executorservice']"
Eclipse Optimize Imports to Include Static Imports,419,"['java', 'eclipse', 'keyboard-shortcuts']"
How to compare dates in Java? [duplicate],418,"['java', 'date', 'comparison']"
Mockito: Trying to spy on method is calling the original method,418,"['java', 'junit', 'mockito']"
Does Java JIT cheat when running JDK code?,418,"['java', 'jvm', 'jit', 'jvm-hotspot']"
How do I define a method which takes a lambda as a parameter in Java 8?,418,"['java', 'lambda', 'java-8']"
Downloading a file from spring controllers,416,"['java', 'spring', 'file', 'download', 'controller']"
Hibernate show real SQL [duplicate],416,"['java', 'sql', 'hibernate', 'orm']"
Is there an advantage to use a Synchronized Method instead of a Synchronized Block?,415,"['java', 'multithreading', 'concurrency', 'locking', 'synchronized']"
How to get the insert ID in JDBC?,415,"['java', 'sql', 'jdbc', 'insert-id']"
Should I declare Jackson's ObjectMapper as a static field?,415,"['java', 'json', 'jackson']"
@Resource vs @Autowired,414,"['java', 'spring', 'dependency-injection', 'annotations', 'autowired']"
"Why should I use the keyword ""final"" on a method parameter in Java?",414,"['java', 'pass-by-reference', 'final', 'pass-by-value']"
Java Generics With a Class & an Interface - Together,414,"['java', 'class', 'generics', 'bounded-wildcard']"
How do I find the caller of a method using stacktrace or reflection?,413,"['java', 'stack-trace']"
Trusting all certificates using HttpClient over HTTPS,412,"['java', 'ssl', 'https', 'certificate', 'apache-httpclient-4.x']"
How to parse/format dates with LocalDateTime? (Java 8),412,"['java', 'datetime', 'java-8', 'timestamp', 'java-time']"
Java 256-bit AES Password-Based Encryption,412,"['java', 'encryption', 'cryptography', 'passwords', 'aes']"
What is meant by immutable?,412,"['java', 'string', 'immutability']"
How do I install Java on Mac OSX allowing version switching?,411,"['java', 'macos', 'java-17']"
What is object serialization?,411,"['java', 'serialization', 'object-serialization']"
How to access a value defined in the application.properties file in Spring Boot,411,"['java', 'spring-boot', 'properties-file']"
Convert java.time.LocalDate into java.util.Date type,411,"['java', 'java-8', 'java-time']"
